flow_id,capture_id,dataset,label,q_packet_count,sz_cv,sz_iqr,sz_qratio,sz_median_to_mean,sz_p25_median_ratio,sz_p75_median_ratio,sz_iqr_norm_median,iat_cv,iat_iqr,direction_balance_bytes,direction_balance_packets,dispersion_symmetry,vpn_score_raw,vpn_score,decision
nonvpn_netflix3.pcap::218256,nonvpn_netflix3.pcap,iscx,0,3.0,0.0,0.0,0.9999999848484851,0.9999999848484851,1.0,1.0,0.0,0.9926992300804944,7.5196709632873535,-0.33333333164983164,-0.33333322222225925,0.0,0.00018635084848733262,0.0,PASS
nonvpn_netflix3.pcap::218257,nonvpn_netflix3.pcap,iscx,0,3.0,0.0,0.0,0.9999999848484851,0.9999999848484851,1.0,1.0,0.0,0.9919550807775429,7.022421956062317,-0.33333333164983164,-0.33333322222225925,0.0,0.00018635084848733262,0.0,PASS
nonvpn_netflix3.pcap::218258,nonvpn_netflix3.pcap,iscx,0,3.0,0.0,0.0,0.9999999848484851,0.9999999848484851,1.0,1.0,0.0,0.9951249708406646,7.438180565834045,0.33333333164983164,0.33333322222225925,0.0,0.0076509060890722295,0.00510204081632653,PASS
nonvpn_netflix3.pcap::218259,nonvpn_netflix3.pcap,iscx,0,3.0,0.0,0.0,0.9999999848484851,0.9999999848484851,1.0,1.0,0.0,0.9951476944750361,7.440374970436096,0.33333333164983164,0.33333322222225925,0.0,0.0076509060890722295,0.00510204081632653,PASS
nonvpn_netflix3.pcap::218260,nonvpn_netflix3.pcap,iscx,0,3.0,0.0,0.0,0.9999999848484851,0.9999999848484851,1.0,1.0,0.0,0.9950089089768389,7.431864380836487,0.33333333164983164,0.33333322222225925,0.0,0.0076509060890722295,0.00510204081632653,PASS
nonvpn_netflix3.pcap::218264,nonvpn_netflix3.pcap,iscx,0,3.0,0.0,0.0,0.9999999848484851,0.9999999848484851,1.0,1.0,0.0,0.9926854492981012,7.3881388902664185,-0.33333333164983164,-0.33333322222225925,0.0,0.00018635084848733262,0.0,PASS
nonvpn_netflix3.pcap::218265,nonvpn_netflix3.pcap,iscx,0,3.0,0.0,0.0,0.9999999848484851,0.9999999848484851,1.0,1.0,0.0,0.9923474019942171,7.394198298454285,-0.33333333164983164,-0.33333322222225925,0.0,0.00018635084848733262,0.0,PASS
nonvpn_netflix3.pcap::218266,nonvpn_netflix3.pcap,iscx,0,33.0,1.5784658196949894,4014.0,61.818180881542716,0.026800546336342945,1.0,61.81818181818182,60.81818089669423,4.34442218293047,6.753206253051758e-05,0.9576703951055451,0.030303029384756687,0.999999999750872,0.0003148550075503896,0.0,PASS
nonvpn_netflix3.pcap::218272,nonvpn_netflix3.pcap,iscx,0,9.0,0.0,0.0,0.9999999848484851,0.9999999848484851,1.0,1.0,0.0,1.1145408489157205,45.004867374897,-0.11111111092405537,-0.11111109876543349,0.0,0.0003349019475962143,0.0,PASS
nonvpn_netflix3.pcap::218273,nonvpn_netflix3.pcap,iscx,0,10.0,0.2614107847661026,0.0,0.9999999848484851,0.9128630579133741,1.0,1.0,0.0,1.2346782035562573,45.006078243255615,-0.2697095431954225,-0.19999998000000202,0.0,0.001536629357449678,0.0,PASS
nonvpn_netflix3.pcap::218275,nonvpn_netflix3.pcap,iscx,0,9.0,0.0,0.0,0.9999999848484851,0.9999999848484851,1.0,1.0,0.0,1.1149645940985562,45.00602477788925,-0.11111111092405537,-0.11111109876543349,0.0,0.0003349019475962143,0.0,PASS
nonvpn_netflix3.pcap::218276,nonvpn_netflix3.pcap,iscx,0,9.0,0.0,0.0,0.9999999848484851,0.9999999848484851,1.0,1.0,0.0,1.1142231149502735,45.00597482919693,-0.11111111092405537,-0.11111109876543349,0.0,0.0003349019475962143,0.0,PASS
nonvpn_netflix3.pcap::218280,nonvpn_netflix3.pcap,iscx,0,100.0,0.9595010001964704,2676.0,41.54545391597797,0.9245541448226685,0.049886621315192746,2.072562358276644,2.0226757354325957,4.025358017973936,0.038213491439819336,0.5622519147945277,0.3199999968,0.06053811656930564,7.622491041677888e-05,0.0,PASS
nonvpn_netflix3.pcap::218289,nonvpn_netflix3.pcap,iscx,0,45.0,1.1104718455727183,1338.0,21.27272695041323,0.325210083682246,0.21926910299003322,4.664451827242525,4.445182709484443,5.166230663572358,0.0031076669692993164,0.4904201680554521,0.2444444390123458,0.6487294464508748,0.004608472954731376,0.001869158878504673,PASS
nonvpn_netflix3.pcap::218297,nonvpn_netflix3.pcap,iscx,0,13.0,0.0,0.0,0.9999999848484851,0.9999999848484851,1.0,1.0,0.0,1.0108320522918448,45.01273572444916,0.07692307683342299,0.07692307100591762,0.0,0.0018353394011417007,0.0,PASS
nonvpn_netflix3.pcap::218298,nonvpn_netflix3.pcap,iscx,0,100.0,2.3893676861770596,1338.0,21.27272695041323,0.13821576010398148,0.2857142857142857,6.077922077922078,5.792207767133299,4.914509796904047,0.00018680095672607422,-0.9605097827980583,0.0,0.7533632281364998,0.00012968496182026246,0.0,PASS
nonvpn_netflix3.pcap::218299,nonvpn_netflix3.pcap,iscx,0,13.0,0.0,0.0,0.9999999848484851,0.9999999848484851,1.0,1.0,0.0,1.0088762650399068,45.01053249835968,0.07692307683342299,0.07692307100591762,0.0,0.0018353394011417007,0.0,PASS
nonvpn_netflix3.pcap::218303,nonvpn_netflix3.pcap,iscx,0,100.0,1.4428762150067027,1013.75,16.359848236971995,0.1963981970007221,0.5892857142857143,9.640625,9.051339204898758,6.1681928679397435,0.00017154216766357422,-0.17547828221411826,0.0199999998,0.9092478412732451,0.0071813466079240695,0.00510204081632653,PASS
nonvpn_netflix3.pcap::218305,nonvpn_netflix3.pcap,iscx,0,66.0,1.9357615394292118,52.25,1.7916666395202026,0.5374256157633817,0.6346153846153846,1.1370192307692308,0.50240384132304,2.681372102658163,0.024999141693115234,-0.14249921702611187,-0.06060605968778698,-0.4545454458460202,0.0027154646838330604,0.0,PASS
nonvpn_netflix3.pcap::218309,nonvpn_netflix3.pcap,iscx,0,58.0,1.0462821223785193,1614.0,25.45454506887053,0.5407676464845831,0.118491921005386,3.0161579892280073,2.897666063020348,5.7513119691952905,0.030922889709472656,0.6143686915081038,0.20689654815695607,0.39157372962108195,0.00020640680947413045,0.0,PASS
nonvpn_netflix3.pcap::218315,nonvpn_netflix3.pcap,iscx,0,100.0,1.331205943012004,11038.5,168.24999745075763,0.13066884085747038,0.09090909090909091,15.295454545454545,15.204545433602554,5.207702553948753,0.00022745132446289062,0.981785555511792,0.0,0.8804185350472964,1.9068159874066755e-05,0.0,PASS
nonvpn_netflix3.pcap::218318,nonvpn_netflix3.pcap,iscx,0,38.0,0.9308961349789656,38.0,1.5757575518824614,0.5670359435796144,1.0,1.5757575757575757,0.5757575670339763,1.9510171628090742,0.10660219192504883,-0.43296405145083333,0.0,0.9999999736842113,0.7359065823602182,0.7534246575342466,SIMULATED_BLOCK
nonvpn_netflix3.pcap::218345,nonvpn_netflix3.pcap,iscx,0,49.0,1.1769003456279319,1420.0,22.51515117401286,0.2916788930142053,0.2323943661971831,5.232394366197183,4.999999982394367,6.760535659708293,0.006509661674499512,0.3381680989239537,0.14285713994169102,0.6929577459908748,0.00032422687573422873,0.0,PASS
nonvpn_netflix3.pcap::218347,nonvpn_netflix3.pcap,iscx,0,30.0,1.5585319738017214,108.5,2.643939353879707,0.4370319927691001,0.616822429906542,1.6308411214953271,1.014018682111975,2.0255611459878238,0.0015947818756103516,-0.5144996595623553,0.0,0.24423962908534905,0.016585260729455847,0.010526315789473684,PASS
nonvpn_netflix3.pcap::218351,nonvpn_netflix3.pcap,iscx,0,27.0,1.185874841301476,1338.0,21.27272695041323,0.23775647393313562,0.3251231527093596,6.916256157635468,6.591132972457473,1.9412727112962471,0.000578761100769043,0.5034051966987635,0.18518517832647488,0.7952167408107498,0.00852729727531346,0.00510204081632653,PASS
nonvpn_netflix3.pcap::218352,nonvpn_netflix3.pcap,iscx,0,44.0,1.362713329285506,1722.0,27.09090868044078,0.05061402141727006,0.8918918918918919,24.16216216216216,23.270269955807162,5.201146759851737,5.269050598144531e-05,-0.8757034043078548,0.04545454442148763,0.9907084779380322,0.008626473301189635,0.00510204081632653,PASS
nonvpn_sftp_up_2b.pcap::232740,nonvpn_sftp_up_2b.pcap,iscx,0,5.0,0.21692215704472978,6.0,1.099999981666667,0.9620991113396632,0.9090909090909091,1.0,0.09090908953168046,0.6468612653051677,0.00011098384857177734,-0.30029154431401883,-0.199999960000008,-0.9999998333333611,0.0009994600587811084,0.0,PASS
nonvpn_sftp_up_2b.pcap::232741,nonvpn_sftp_up_2b.pcap,iscx,0,5.0,0.21692215704472978,6.0,1.099999981666667,0.9620991113396632,0.9090909090909091,1.0,0.09090908953168046,0.659675727531119,0.0001290440559387207,-0.30029154431401883,-0.199999960000008,-0.9999998333333611,0.00043988362378716387,0.0,PASS
nonvpn_sftp_up_2b.pcap::232742,nonvpn_sftp_up_2b.pcap,iscx,0,5.0,0.21692215704472978,6.0,1.099999981666667,0.9620991113396632,0.9090909090909091,1.0,0.09090908953168046,0.6828713910289905,0.00013148784637451172,-0.30029154431401883,-0.199999960000008,-0.9999998333333611,0.00043988362378716387,0.0,PASS
nonvpn_sftp_up_2b.pcap::232743,nonvpn_sftp_up_2b.pcap,iscx,0,5.0,0.21692215704472978,6.0,1.099999981666667,0.9620991113396632,0.9090909090909091,1.0,0.09090908953168046,0.6419444260008715,0.00011181831359863281,-0.30029154431401883,-0.199999960000008,-0.9999998333333611,0.0009994600587811084,0.0,PASS
nonvpn_sftp_up_2b.pcap::232744,nonvpn_sftp_up_2b.pcap,iscx,0,5.0,0.21692215704472978,6.0,1.099999981666667,0.9620991113396632,0.9090909090909091,1.0,0.09090908953168046,0.7328338028178147,0.00015151500701904297,-0.30029154431401883,-0.199999960000008,-0.9999998333333611,0.00022978948928778056,0.0,PASS
nonvpn_sftp_up_2b.pcap::232745,nonvpn_sftp_up_2b.pcap,iscx,0,5.0,0.21692215704472978,6.0,1.099999981666667,0.9620991113396632,0.9090909090909091,1.0,0.09090908953168046,0.6124216067864634,0.00010955333709716797,-0.30029154431401883,-0.199999960000008,-0.9999998333333611,0.0009606828392882395,0.0,PASS
nonvpn_sftp_up_2b.pcap::232746,nonvpn_sftp_up_2b.pcap,iscx,0,5.0,0.21692215704472978,6.0,1.099999981666667,0.9620991113396632,0.9090909090909091,1.0,0.09090908953168046,0.5927999947244319,0.00011426210403442383,-0.30029154431401883,-0.199999960000008,-0.9999998333333611,0.0009994600587811084,0.0,PASS
nonvpn_sftp_up_2b.pcap::232747,nonvpn_sftp_up_2b.pcap,iscx,0,5.0,0.21692215704472978,6.0,1.099999981666667,0.9620991113396632,0.9090909090909091,1.0,0.09090908953168046,0.5173569635619287,9.262561798095703e-05,-0.30029154431401883,-0.199999960000008,-0.9999998333333611,0.0008608503599672774,0.0,PASS
nonvpn_sftp_up_2b.pcap::232748,nonvpn_sftp_up_2b.pcap,iscx,0,7.0,0.6862741529916664,63.0,2.1052631209602963,0.6416666604282408,0.8636363636363636,1.8181818181818181,0.9545454400826449,1.6704377738258864,0.037015318870544434,-0.03333333328703704,0.1428571224489825,0.714285702947846,0.010924004476751929,0.00510204081632653,PASS
nonvpn_sftp_up_2b.pcap::232750,nonvpn_sftp_up_2b.pcap,iscx,0,5.0,0.21692215704472978,6.0,1.099999981666667,0.9620991113396632,0.9090909090909091,1.0,0.09090908953168046,0.6765555720812507,0.00021922588348388672,-0.30029154431401883,-0.199999960000008,-0.9999998333333611,0.0011198565134332436,0.0,PASS
nonvpn_sftp_up_2b.pcap::232751,nonvpn_sftp_up_2b.pcap,iscx,0,5.0,0.21692215704472978,6.0,1.099999981666667,0.9620991113396632,0.9090909090909091,1.0,0.09090908953168046,0.8162086001419809,0.00014728307723999023,-0.30029154431401883,-0.199999960000008,-0.9999998333333611,0.00021075712341141659,0.0,PASS
nonvpn_sftp_up_2b.pcap::232752,nonvpn_sftp_up_2b.pcap,iscx,0,5.0,0.21692215704472978,6.0,1.099999981666667,0.9620991113396632,0.9090909090909091,1.0,0.09090908953168046,0.5078041640625324,0.00022459030151367188,-0.30029154431401883,-0.199999960000008,-0.9999998333333611,0.002403973220155954,0.0,PASS
nonvpn_sftp_up_2b.pcap::232753,nonvpn_sftp_up_2b.pcap,iscx,0,7.0,0.6862741529916664,63.0,2.1052631209602963,0.6416666604282408,0.8636363636363636,1.8181818181818181,0.9545454400826449,1.758997052321132,0.039152562618255615,-0.03333333328703704,0.1428571224489825,0.714285702947846,0.010266610185880857,0.00510204081632653,PASS
nonvpn_sftp_up_2b.pcap::232755,nonvpn_sftp_up_2b.pcap,iscx,0,5.0,0.21692215704472978,6.0,1.099999981666667,0.9620991113396632,0.9090909090909091,1.0,0.09090908953168046,0.7710348926024254,0.0001379251480102539,-0.30029154431401883,-0.199999960000008,-0.9999998333333611,0.0001734626684321147,0.0,PASS
nonvpn_sftp_up_2b.pcap::232756,nonvpn_sftp_up_2b.pcap,iscx,0,100.0,1.0899413088181713,1454.0,25.233332912777787,0.2025871370409207,0.4918032786885246,12.40983606557377,11.918032689196453,4.211843092758777,0.0004049539566040039,-0.8356055196553427,-0.199999998,0.9147180186281169,0.0007292992649856721,0.0,PASS
nonvpn_sftp_up_2b.pcap::232762,nonvpn_sftp_up_2b.pcap,iscx,0,12.0,0.39738459919697927,59.25,1.9874999668750006,0.8918205710625797,0.7100591715976331,1.4112426035502958,0.701183423654634,2.110533019214406,0.1393345594406128,0.10817941942992135,0.0,0.17299577767095733,0.8829209758152315,0.8983050847457628,SIMULATED_BLOCK
nonvpn_sftp_up_2b.pcap::232763,nonvpn_sftp_up_2b.pcap,iscx,0,32.0,0.012244897859225324,3.0,1.0247933799603852,0.9999999918367348,0.9877551020408163,1.0122448979591836,0.024489795718450648,3.050464636211048,0.007576465606689453,-0.012244897956059975,0.0,0.0,0.00777759780924597,0.00510204081632653,PASS
nonvpn_sftpdown1.pcap::232776,nonvpn_sftpdown1.pcap,iscx,0,100.0,2.011727643803263,106.0,2.7666666205555566,0.2517708504748495,0.44776119402985076,1.2388059701492538,0.7910447702160838,6.914755012345209,0.0023124217987060547,-0.328448227263994,0.0199999998,-0.3962264113563546,0.0026706861583802415,0.0,PASS
nonvpn_sftpdown1.pcap::232778,nonvpn_sftpdown1.pcap,iscx,0,8.0,0.0,0.0,0.9999999848484851,0.9999999848484851,1.0,1.0,0.0,1.1531027628653956,44.98657691478729,0.0,0.0,0.0,0.0037990902746664747,0.001869158878504673,PASS
nonvpn_sftpdown1.pcap::232779,nonvpn_sftpdown1.pcap,iscx,0,8.0,0.0,0.0,0.9999999848484851,0.9999999848484851,1.0,1.0,0.0,1.1531658180991171,45.00459969043732,0.0,0.0,0.0,0.0037990902746664747,0.001869158878504673,PASS
nonvpn_sftpdown1.pcap::232784,nonvpn_sftpdown1.pcap,iscx,0,8.0,0.0,0.0,0.9999999848484851,0.9999999848484851,1.0,1.0,0.0,1.1524098434256196,44.97936677932739,0.0,0.0,0.0,0.0037990902746664747,0.001869158878504673,PASS
nonvpn_sftpdown1.pcap::232791,nonvpn_sftpdown1.pcap,iscx,0,67.0,1.4484809968951826,128.0,2.9393938948576683,0.4654220659192906,0.5892857142857143,1.7321428571428572,1.1428571326530614,4.570193348978688,0.001352071762084961,-0.282515660839638,-0.044776118734684796,0.2812499978027344,0.019238792737781677,0.010526315789473684,PASS
nonvpn_sftpdown1.pcap::232797,nonvpn_sftpdown1.pcap,iscx,0,31.0,1.5113027846316665,145.5,3.204545405991736,0.4318328371744076,0.6111111111111112,1.9583333333333333,1.3472222097479425,5.365169479195808,0.009688794612884521,-0.46523926216106803,0.032258063475546335,0.422680409466114,0.013351785412442937,0.010526315789473684,PASS
vpn_vpn_facebook_audio2.pcap::366960,vpn_vpn_facebook_audio2.pcap,iscx,1,15.0,1.463552567811301,185.0,4.55769222004438,0.1857201810182,0.8666666666666667,3.95,3.0833332819444452,2.2124268037613577,0.0056282877922058105,-0.5839867931110221,0.3333333111111126,0.9135135085756027,0.9895800227266297,1.0,SIMULATED_BLOCK
vpn_vpn_facebook_audio2.pcap::366961,vpn_vpn_facebook_audio2.pcap,iscx,1,3.0,0.9294565588512355,135.0,3.934782523156902,0.3880596985965694,0.8846153846153846,3.480769230769231,2.596153796227812,0.7907896892151333,0.0002570152282714844,-0.800995022883097,-0.33333322222225925,0.9111111043621399,0.9560121675418162,0.9739130434782609,SIMULATED_BLOCK
vpn_vpn_facebook_audio2.pcap::366970,vpn_vpn_facebook_audio2.pcap,iscx,1,6.0,0.34002704792419464,44.0,1.8461538106508883,0.9395248258376913,0.7172413793103448,1.3241379310344827,0.6068965433531511,1.9859523835000763,1.2874603271484375e-05,-0.1490280774319048,0.0,0.06818181663223144,0.7872393060599475,0.7534246575342466,SIMULATED_BLOCK
vpn_vpn_facebook_audio2.pcap::366971,vpn_vpn_facebook_audio2.pcap,iscx,1,3.0,0.24314318265194945,22.5,1.3333333135802472,1.0732758481903986,0.8132530120481928,1.0843373493975903,0.2710843340833213,0.7728160632614597,0.00011289119720458984,0.9999999956896553,0.9999996666667778,-0.37777776098765503,0.9983022905207168,1.0,SIMULATED_BLOCK
vpn_vpn_facebook_audio2.pcap::366975,vpn_vpn_facebook_audio2.pcap,iscx,1,6.0,0.22809856026300787,30.25,1.5148935912358539,1.1101321439189584,0.6994047619047619,1.0595238095238095,0.3601190433319162,1.9846390522278374,0.021789073944091797,0.6079295140794504,0.6666665555555741,-0.6694214654736705,0.6923294659296577,0.7534246575342466,SIMULATED_BLOCK
vpn_vpn_facebook_audio2.pcap::366981,vpn_vpn_facebook_audio2.pcap,iscx,1,11.0,0.2731936794564376,41.0,1.788461504068048,1.1243842212213961,0.6265060240963856,1.1204819277108433,0.49397589766294103,2.7217691542453144,0.14767569303512573,0.28571428536242083,0.2727272479338866,-0.5121951094586559,0.9058222209488745,0.8983050847457628,SIMULATED_BLOCK
vpn_vpn_facebook_audio2.pcap::366982,vpn_vpn_facebook_audio2.pcap,iscx,1,9.0,0.22798581135750298,37.0,1.711538428624261,1.1710526161703603,0.5842696629213483,1.0,0.4157303324075244,2.399133476183157,1.3535796999931335,0.47953216304161966,0.5555554938271674,-0.9999999729729737,0.9328864848413063,0.8983050847457628,SIMULATED_BLOCK
vpn_vpn_facebook_audio2.pcap::366988,vpn_vpn_facebook_audio2.pcap,iscx,1,3.0,0.38945536354468624,28.5,1.6195651821833656,0.8253968122952887,0.8846153846153846,1.4326923076923077,0.5480769125369824,0.30856156229543774,2.09808349609375e-05,-0.5767195736681504,-0.33333322222225925,0.5789473481071106,0.9947653269156389,1.0,SIMULATED_BLOCK
vpn_vpn_facebook_audio2.pcap::366994,vpn_vpn_facebook_audio2.pcap,iscx,1,19.0,1.6734659481381746,43.0,1.8269230417899416,0.3742851075807208,0.5591397849462365,1.021505376344086,0.4623655864261765,2.172556687342256,0.023695647716522217,-0.31836475316281193,0.36842103324099823,-0.9069767230935646,0.8682694987418296,0.8125,SIMULATED_BLOCK
vpn_vpn_facebook_audio2.pcap::367000,vpn_vpn_facebook_audio2.pcap,iscx,1,11.0,0.5735454504866062,60.0,2.153846112426036,0.6846472950921989,0.8666666666666667,1.8666666666666667,0.9999999833333336,2.945835549806911,0.08051276206970215,0.1784232363294365,0.2727272479338866,0.7333333211111114,0.22762725733215775,0.35537190082644626,FLAG_REVIEW
vpn_vpn_facebook_audio2.pcap::367001,vpn_vpn_facebook_audio2.pcap,iscx,1,11.0,0.5735454504866062,60.0,2.153846112426036,0.6846472950921989,0.8666666666666667,1.8666666666666667,0.9999999833333336,2.945464844003931,0.08106887340545654,0.1784232363294365,0.2727272479338866,0.7333333211111114,0.22762725733215775,0.35537190082644626,FLAG_REVIEW
vpn_vpn_facebook_audio2.pcap::367002,vpn_vpn_facebook_audio2.pcap,iscx,1,11.0,0.5735454504866062,60.0,2.153846112426036,0.6846472950921989,0.8666666666666667,1.8666666666666667,0.9999999833333336,2.912309731181252,0.08075404167175293,0.1784232363294365,0.2727272479338866,0.7333333211111114,0.22762725733215775,0.35537190082644626,FLAG_REVIEW
vpn_vpn_facebook_audio2.pcap::367003,vpn_vpn_facebook_audio2.pcap,iscx,1,11.0,0.5735454504866062,60.0,2.153846112426036,0.6846472950921989,0.8666666666666667,1.8666666666666667,0.9999999833333336,2.9119432804202834,0.08088737726211548,0.1784232363294365,0.2727272479338866,0.7333333211111114,0.22762725733215775,0.35537190082644626,FLAG_REVIEW
vpn_vpn_facebook_audio2.pcap::367004,vpn_vpn_facebook_audio2.pcap,iscx,1,11.0,0.5735454504866062,60.0,2.153846112426036,0.6846472950921989,0.8666666666666667,1.8666666666666667,0.9999999833333336,2.90375353766766,0.08517944812774658,0.1784232363294365,0.2727272479338866,0.7333333211111114,0.22762725733215775,0.35537190082644626,FLAG_REVIEW
vpn_vpn_facebook_audio2.pcap::367005,vpn_vpn_facebook_audio2.pcap,iscx,1,11.0,0.5735454504866062,60.0,2.153846112426036,0.6846472950921989,0.8666666666666667,1.8666666666666667,0.9999999833333336,2.9034635702778657,0.08061802387237549,0.1784232363294365,0.2727272479338866,0.7333333211111114,0.22762725733215775,0.35537190082644626,FLAG_REVIEW
vpn_vpn_facebook_audio2.pcap::367006,vpn_vpn_facebook_audio2.pcap,iscx,1,11.0,0.5735454504866062,60.0,2.153846112426036,0.6846472950921989,0.8666666666666667,1.8666666666666667,0.9999999833333336,2.967073690474775,0.0805017352104187,0.1784232363294365,0.2727272479338866,0.7333333211111114,0.22762725733215775,0.35537190082644626,FLAG_REVIEW
vpn_vpn_facebook_audio2.pcap::367007,vpn_vpn_facebook_audio2.pcap,iscx,1,11.0,0.5735454504866062,60.0,2.153846112426036,0.6846472950921989,0.8666666666666667,1.8666666666666667,0.9999999833333336,2.9666259379881286,0.08067405223846436,0.1784232363294365,0.2727272479338866,0.7333333211111114,0.22762725733215775,0.35537190082644626,FLAG_REVIEW
vpn_vpn_facebook_audio2.pcap::367008,vpn_vpn_facebook_audio2.pcap,iscx,1,11.0,0.5735454504866062,60.0,2.153846112426036,0.6846472950921989,0.8666666666666667,1.8666666666666667,0.9999999833333336,2.9883575304709713,0.08074390888214111,0.1784232363294365,0.2727272479338866,0.7333333211111114,0.22762725733215775,0.35537190082644626,FLAG_REVIEW
vpn_vpn_facebook_audio2.pcap::367009,vpn_vpn_facebook_audio2.pcap,iscx,1,11.0,0.5735454504866062,60.0,2.153846112426036,0.6846472950921989,0.8666666666666667,1.8666666666666667,0.9999999833333336,2.9879836637726123,0.08083444833755493,0.1784232363294365,0.2727272479338866,0.7333333211111114,0.22762725733215775,0.35537190082644626,FLAG_REVIEW
vpn_vpn_facebook_audio2.pcap::367010,vpn_vpn_facebook_audio2.pcap,iscx,1,11.0,0.5735454504866062,60.0,2.153846112426036,0.6846472950921989,0.8666666666666667,1.8666666666666667,0.9999999833333336,2.9756391674842484,0.08093136548995972,0.1784232363294365,0.2727272479338866,0.7333333211111114,0.22762725733215775,0.35537190082644626,FLAG_REVIEW
vpn_vpn_facebook_audio2.pcap::367011,vpn_vpn_facebook_audio2.pcap,iscx,1,11.0,0.5735454504866062,60.0,2.153846112426036,0.6846472950921989,0.8666666666666667,1.8666666666666667,0.9999999833333336,2.9752654885081204,0.08064621686935425,0.1784232363294365,0.2727272479338866,0.7333333211111114,0.22762725733215775,0.35537190082644626,FLAG_REVIEW
vpn_vpn_facebook_audio2.pcap::367012,vpn_vpn_facebook_audio2.pcap,iscx,1,11.0,0.5735454504866062,60.0,2.153846112426036,0.6846472950921989,0.8666666666666667,1.8666666666666667,0.9999999833333336,2.9332644985619676,0.08074915409088135,0.1784232363294365,0.2727272479338866,0.7333333211111114,0.22762725733215775,0.35537190082644626,FLAG_REVIEW
vpn_vpn_facebook_audio2.pcap::367013,vpn_vpn_facebook_audio2.pcap,iscx,1,11.0,0.5735454504866062,60.0,2.153846112426036,0.6846472950921989,0.8666666666666667,1.8666666666666667,0.9999999833333336,2.932895633293453,0.08091825246810913,0.1784232363294365,0.2727272479338866,0.7333333211111114,0.22762725733215775,0.35537190082644626,FLAG_REVIEW
vpn_vpn_facebook_audio2.pcap::367014,vpn_vpn_facebook_audio2.pcap,iscx,1,11.0,0.5735454504866062,60.0,2.153846112426036,0.6846472950921989,0.8666666666666667,1.8666666666666667,0.9999999833333336,2.8914195769621593,0.08047515153884888,0.1784232363294365,0.2727272479338866,0.7333333211111114,0.22762725733215775,0.35537190082644626,FLAG_REVIEW
vpn_vpn_facebook_audio2.pcap::367015,vpn_vpn_facebook_audio2.pcap,iscx,1,11.0,0.5735454504866062,60.0,2.153846112426036,0.6846472950921989,0.8666666666666667,1.8666666666666667,0.9999999833333336,2.8910549275632986,0.08044439554214478,0.1784232363294365,0.2727272479338866,0.7333333211111114,0.22762725733215775,0.35537190082644626,FLAG_REVIEW
vpn_vpn_facebook_audio2.pcap::367016,vpn_vpn_facebook_audio2.pcap,iscx,1,11.0,0.5735454504866062,60.0,2.153846112426036,0.6846472950921989,0.8666666666666667,1.8666666666666667,0.9999999833333336,2.8830644002533545,0.08140069246292114,0.1784232363294365,0.2727272479338866,0.7333333211111114,0.22762725733215775,0.35537190082644626,FLAG_REVIEW
vpn_vpn_facebook_audio2.pcap::367017,vpn_vpn_facebook_audio2.pcap,iscx,1,11.0,0.5735454504866062,60.0,2.153846112426036,0.6846472950921989,0.8666666666666667,1.8666666666666667,0.9999999833333336,2.8827015083085317,0.08121681213378906,0.1784232363294365,0.2727272479338866,0.7333333211111114,0.22762725733215775,0.35537190082644626,FLAG_REVIEW
vpn_vpn_facebook_audio2.pcap::367018,vpn_vpn_facebook_audio2.pcap,iscx,1,11.0,0.5735454504866062,60.0,2.153846112426036,0.6846472950921989,0.8666666666666667,1.8666666666666667,0.9999999833333336,2.9248029510091436,0.08055520057678223,0.1784232363294365,0.2727272479338866,0.7333333211111114,0.22762725733215775,0.35537190082644626,FLAG_REVIEW
vpn_vpn_facebook_audio2.pcap::367019,vpn_vpn_facebook_audio2.pcap,iscx,1,11.0,0.5735454504866062,60.0,2.153846112426036,0.6846472950921989,0.8666666666666667,1.8666666666666667,0.9999999833333336,2.924434858097225,0.08063232898712158,0.1784232363294365,0.2727272479338866,0.7333333211111114,0.22762725733215775,0.35537190082644626,FLAG_REVIEW
vpn_vpn_facebook_audio2.pcap::367020,vpn_vpn_facebook_audio2.pcap,iscx,1,11.0,0.5735454504866062,60.0,2.153846112426036,0.6846472950921989,0.8666666666666667,1.8666666666666667,0.9999999833333336,2.9544265413502657,0.0805748701095581,0.1784232363294365,0.2727272479338866,0.7333333211111114,0.22762725733215775,0.35537190082644626,FLAG_REVIEW
vpn_vpn_facebook_audio2.pcap::367021,vpn_vpn_facebook_audio2.pcap,iscx,1,11.0,0.5735454504866062,60.0,2.153846112426036,0.6846472950921989,0.8666666666666667,1.8666666666666667,0.9999999833333336,2.9539799343237356,0.08134478330612183,0.1784232363294365,0.2727272479338866,0.7333333211111114,0.22762725733215775,0.35537190082644626,FLAG_REVIEW
vpn_vpn_facebook_audio2.pcap::367022,vpn_vpn_facebook_audio2.pcap,iscx,1,11.0,0.5735454504866062,60.0,2.153846112426036,0.6846472950921989,0.8666666666666667,1.8666666666666667,0.9999999833333336,2.870736954012062,0.08078420162200928,0.1784232363294365,0.2727272479338866,0.7333333211111114,0.22762725733215775,0.35537190082644626,FLAG_REVIEW
vpn_vpn_facebook_audio2.pcap::367023,vpn_vpn_facebook_audio2.pcap,iscx,1,11.0,0.5735454504866062,60.0,2.153846112426036,0.6846472950921989,0.8666666666666667,1.8666666666666667,0.9999999833333336,2.8703745709423907,0.0805312991142273,0.1784232363294365,0.2727272479338866,0.7333333211111114,0.22762725733215775,0.35537190082644626,FLAG_REVIEW
vpn_vpn_facebook_audio2.pcap::367048,vpn_vpn_facebook_audio2.pcap,iscx,1,100.0,1.0834893897983429,1338.0,26.73076871671599,0.15211711200809422,0.611764705882353,16.352941176470587,15.741176285397927,6.622386502419231,3.552436828613281e-05,-0.7872507963637344,0.0399999996,0.9506726450293925,0.44450829041715206,0.425,SIMULATED_BLOCK
vpn_vpn_facebook_audio2.pcap::367049,vpn_vpn_facebook_audio2.pcap,iscx,1,100.0,0.7863037192447224,1338.0,26.73076871671599,1.6947705942734184,0.03741007194244604,1.0,0.9625899273650431,8.517828133884969,3.802776336669922e-05,-0.9347940061092848,-0.21999999780000004,-0.9999999992526157,0.722403193391562,0.7534246575342466,SIMULATED_BLOCK
vpn_vpn_facebook_audio2.pcap::367060,vpn_vpn_facebook_audio2.pcap,iscx,1,45.0,1.6884220588805547,57.0,2.0961538058431963,0.32826747540765516,0.8666666666666667,1.8166666666666667,0.949999984166667,3.5765453102737603,0.06171548366546631,-0.40303951362880974,0.06666666518518523,0.7192982329947679,0.6351417322453013,0.6140350877192983,SIMULATED_BLOCK
vpn_vpn_facebook_audio2.pcap::367061,vpn_vpn_facebook_audio2.pcap,iscx,1,3.0,0.38945536354468624,28.5,1.6195651821833656,0.8253968122952887,0.8846153846153846,1.4326923076923077,0.5480769125369824,0.2291039441476895,1.1563301086425781e-05,-0.5767195736681504,-0.33333322222225925,0.5789473481071106,0.9847596993019408,0.992,SIMULATED_BLOCK
vpn_vpn_facebook_audio2.pcap::367067,vpn_vpn_facebook_audio2.pcap,iscx,1,11.0,0.5735454504866062,60.0,2.153846112426036,0.6846472950921989,0.8666666666666667,1.8666666666666667,0.9999999833333336,2.1818215932597296,0.08092314004898071,0.1784232363294365,0.2727272479338866,0.7333333211111114,0.5474669346826033,0.6140350877192983,SIMULATED_BLOCK
vpn_vpn_facebook_audio2.pcap::367068,vpn_vpn_facebook_audio2.pcap,iscx,1,11.0,0.5735454504866062,60.0,2.153846112426036,0.6846472950921989,0.8666666666666667,1.8666666666666667,0.9999999833333336,2.1795152242834694,0.08150118589401245,0.1784232363294365,0.2727272479338866,0.7333333211111114,0.5474669346826033,0.6140350877192983,SIMULATED_BLOCK
vpn_vpn_facebook_audio2.pcap::367069,vpn_vpn_facebook_audio2.pcap,iscx,1,11.0,0.5735454504866062,60.0,2.153846112426036,0.6846472950921989,0.8666666666666667,1.8666666666666667,0.9999999833333336,2.1127132547931455,0.080547034740448,0.1784232363294365,0.2727272479338866,0.7333333211111114,0.5474669346826033,0.6140350877192983,SIMULATED_BLOCK
vpn_vpn_facebook_audio2.pcap::367070,vpn_vpn_facebook_audio2.pcap,iscx,1,11.0,0.5735454504866062,60.0,2.153846112426036,0.6846472950921989,0.8666666666666667,1.8666666666666667,0.9999999833333336,2.1089086374109773,0.08061641454696655,0.1784232363294365,0.2727272479338866,0.7333333211111114,0.5474669346826033,0.6140350877192983,SIMULATED_BLOCK
vpn_vpn_facebook_audio2.pcap::367071,vpn_vpn_facebook_audio2.pcap,iscx,1,11.0,0.5735454504866062,60.0,2.153846112426036,0.6846472950921989,0.8666666666666667,1.8666666666666667,0.9999999833333336,2.8342569086321543,0.08047610521316528,0.1784232363294365,0.2727272479338866,0.7333333211111114,0.25426648784891864,0.35537190082644626,FLAG_REVIEW
vpn_vpn_facebook_audio2.pcap::367072,vpn_vpn_facebook_audio2.pcap,iscx,1,11.0,0.5735454504866062,60.0,2.153846112426036,0.6846472950921989,0.8666666666666667,1.8666666666666667,0.9999999833333336,2.829010694835016,0.0806320309638977,0.1784232363294365,0.2727272479338866,0.7333333211111114,0.25426648784891864,0.35537190082644626,FLAG_REVIEW
vpn_vpn_facebook_audio2.pcap::367073,vpn_vpn_facebook_audio2.pcap,iscx,1,11.0,0.5735454504866062,60.0,2.153846112426036,0.6846472950921989,0.8666666666666667,1.8666666666666667,0.9999999833333336,2.6599153457072036,0.08099853992462158,0.1784232363294365,0.2727272479338866,0.7333333211111114,0.43285909104437703,0.425,SIMULATED_BLOCK
vpn_vpn_facebook_audio2.pcap::367074,vpn_vpn_facebook_audio2.pcap,iscx,1,11.0,0.5735454504866062,60.0,2.153846112426036,0.6846472950921989,0.8666666666666667,1.8666666666666667,0.9999999833333336,2.656037191188592,0.08079719543457031,0.1784232363294365,0.2727272479338866,0.7333333211111114,0.43285909104437703,0.425,SIMULATED_BLOCK
vpn_vpn_facebook_audio2.pcap::367075,vpn_vpn_facebook_audio2.pcap,iscx,1,11.0,0.5735454504866062,60.0,2.153846112426036,0.6846472950921989,0.8666666666666667,1.8666666666666667,0.9999999833333336,2.549690003387594,0.0806698203086853,0.1784232363294365,0.2727272479338866,0.7333333211111114,0.424343781213269,0.425,SIMULATED_BLOCK
vpn_vpn_facebook_audio2.pcap::367076,vpn_vpn_facebook_audio2.pcap,iscx,1,11.0,0.5735454504866062,60.0,2.153846112426036,0.6846472950921989,0.8666666666666667,1.8666666666666667,0.9999999833333336,2.5450412930806077,0.08085513114929199,0.1784232363294365,0.2727272479338866,0.7333333211111114,0.424343781213269,0.425,SIMULATED_BLOCK
vpn_vpn_facebook_audio2.pcap::367077,vpn_vpn_facebook_audio2.pcap,iscx,1,11.0,0.5735454504866062,60.0,2.153846112426036,0.6846472950921989,0.8666666666666667,1.8666666666666667,0.9999999833333336,2.3981325181537994,0.08062684535980225,0.1784232363294365,0.2727272479338866,0.7333333211111114,0.4632624180299182,0.5615618926486139,SIMULATED_BLOCK
vpn_vpn_facebook_audio2.pcap::367078,vpn_vpn_facebook_audio2.pcap,iscx,1,11.0,0.5735454504866062,60.0,2.153846112426036,0.6846472950921989,0.8666666666666667,1.8666666666666667,0.9999999833333336,2.3938726218684794,0.0806955099105835,0.1784232363294365,0.2727272479338866,0.7333333211111114,0.4632624180299182,0.5615618926486139,SIMULATED_BLOCK
vpn_vpn_facebook_audio2.pcap::367079,vpn_vpn_facebook_audio2.pcap,iscx,1,11.0,0.5735454504866062,60.0,2.153846112426036,0.6846472950921989,0.8666666666666667,1.8666666666666667,0.9999999833333336,2.304986725040429,0.08051878213882446,0.1784232363294365,0.2727272479338866,0.7333333211111114,0.46366859280493916,0.5768201097458086,SIMULATED_BLOCK
vpn_vpn_facebook_audio2.pcap::367080,vpn_vpn_facebook_audio2.pcap,iscx,1,11.0,0.5735454504866062,60.0,2.153846112426036,0.6846472950921989,0.8666666666666667,1.8666666666666667,0.9999999833333336,2.30112666654179,0.08054858446121216,0.1784232363294365,0.2727272479338866,0.7333333211111114,0.46366859280493916,0.5768201097458086,SIMULATED_BLOCK
vpn_vpn_facebook_audio2.pcap::367095,vpn_vpn_facebook_audio2.pcap,iscx,1,15.0,1.4635226076229637,185.0,4.55769222004438,0.1856818644965488,0.8666666666666667,3.95,3.0833332819444452,2.2577167121047577,0.005419790744781494,-0.5840726221200593,0.3333333111111126,0.9135135085756027,0.9895800227266297,1.0,SIMULATED_BLOCK
vpn_vpn_facebook_audio2.pcap::367096,vpn_vpn_facebook_audio2.pcap,iscx,1,3.0,0.9294565588512355,135.0,3.934782523156902,0.3880596985965694,0.8846153846153846,3.480769230769231,2.596153796227812,0.7431316933828668,0.00016498565673828125,-0.800995022883097,-0.33333322222225925,0.9111111043621399,0.9538519071655046,0.9739130434782609,SIMULATED_BLOCK
vpn_vpn_facebook_audio2.pcap::367105,vpn_vpn_facebook_audio2.pcap,iscx,1,16.0,1.4261317794262438,257.0,5.942307578032547,0.19273238243651514,0.8666666666666667,5.15,4.2833332619444455,3.6551917072240996,0.02236151695251465,-0.5679582412029797,0.24999998437500096,0.9377431870126725,0.8492056872468293,0.8125,SIMULATED_BLOCK
vpn_vpn_facebook_audio2.pcap::367109,vpn_vpn_facebook_audio2.pcap,iscx,1,83.0,1.1335016922082326,1338.0,26.73076871671599,0.09449370535647558,1.0,26.73076923076923,25.730768735946757,2.429447287733279,0.022331178188323975,-0.8755117679063927,-0.1325301188851793,0.9999999992526157,0.8314809349690434,0.7534246575342466,SIMULATED_BLOCK
vpn_vpn_facebook_audio2.pcap::367113,vpn_vpn_facebook_audio2.pcap,iscx,1,33.0,1.1000177067315406,55.0,2.057692268121303,0.7262186408033092,0.5591397849462365,1.1505376344086022,0.591397843103249,3.0033286560249066,0.13793712854385376,0.1504969237694044,0.15151514692378343,-0.4909090819834713,0.9955978523991919,1.0,SIMULATED_BLOCK
vpn_vpn_facebook_audio2.pcap::367120,vpn_vpn_facebook_audio2.pcap,iscx,1,24.0,1.4560258138509667,160.25,4.081730690735949,0.21360176710944728,0.7172413793103448,2.9275862068965517,2.2103447970986925,1.8475878494733025,0.008533716201782227,-0.7164252392933433,-0.08333332986111125,0.7441497613469594,0.9041423413601064,0.8983050847457628,SIMULATED_BLOCK
vpn_vpn_facebook_audio2.pcap::367122,vpn_vpn_facebook_audio2.pcap,iscx,1,38.0,1.115635387486809,1338.0,26.73076871671599,0.3095609750359357,0.31137724550898205,8.323353293413174,8.011975999928287,2.2276420086521846,0.0004298686981201172,-0.8619512194701487,-0.15789473268698073,0.8281016436262318,0.9620913230036918,0.9739130434782609,SIMULATED_BLOCK
vpn_vpn_facebook_audio2.pcap::367124,vpn_vpn_facebook_audio2.pcap,iscx,1,4.0,0.3249873350673007,48.0,1.4999999843750003,0.967213106826122,0.8135593220338984,1.2203389830508475,0.40677965756966394,0.7047863170148922,0.04051053524017334,0.0327868851787154,0.0,0.08333333159722227,0.2686801334353265,0.425,SIMULATED_BLOCK
vpn_vpn_facebook_audio2.pcap::367125,vpn_vpn_facebook_audio2.pcap,iscx,1,4.0,0.3249873350673007,48.0,1.4999999843750003,0.967213106826122,0.8135593220338984,1.2203389830508475,0.40677965756966394,0.7051087444429879,0.04045259952545166,0.0327868851787154,0.0,0.08333333159722227,0.2686801334353265,0.425,SIMULATED_BLOCK
vpn_vpn_facebook_audio2.pcap::367126,vpn_vpn_facebook_audio2.pcap,iscx,1,4.0,0.3249873350673007,48.0,1.4999999843750003,0.967213106826122,0.8135593220338984,1.2203389830508475,0.40677965756966394,0.7019927148443231,0.0404055118560791,0.0327868851787154,0.0,0.08333333159722227,0.2686801334353265,0.425,SIMULATED_BLOCK
vpn_vpn_facebook_audio2.pcap::367127,vpn_vpn_facebook_audio2.pcap,iscx,1,4.0,0.3249873350673007,48.0,1.4999999843750003,0.967213106826122,0.8135593220338984,1.2203389830508475,0.40677965756966394,0.7023639566619742,0.040346503257751465,0.0327868851787154,0.0,0.08333333159722227,0.2405535974677945,0.35537190082644626,FLAG_REVIEW
vpn_vpn_facebook_audio2.pcap::367128,vpn_vpn_facebook_audio2.pcap,iscx,1,4.0,0.3249873350673007,48.0,1.4999999843750003,0.967213106826122,0.8135593220338984,1.2203389830508475,0.40677965756966394,0.7021187775200194,0.040373921394348145,0.0327868851787154,0.0,0.08333333159722227,0.2405535974677945,0.35537190082644626,FLAG_REVIEW
vpn_vpn_facebook_audio2.pcap::367129,vpn_vpn_facebook_audio2.pcap,iscx,1,4.0,0.3249873350673007,48.0,1.4999999843750003,0.967213106826122,0.8135593220338984,1.2203389830508475,0.40677965756966394,0.7034836650601298,0.04051387310028076,0.0327868851787154,0.0,0.08333333159722227,0.2686801334353265,0.425,SIMULATED_BLOCK
vpn_vpn_facebook_audio2.pcap::367130,vpn_vpn_facebook_audio2.pcap,iscx,1,4.0,0.3249873350673007,48.0,1.4999999843750003,0.967213106826122,0.8135593220338984,1.2203389830508475,0.40677965756966394,0.7041323612685276,0.04336130619049072,0.0327868851787154,0.0,0.08333333159722227,0.2686801334353265,0.425,SIMULATED_BLOCK
vpn_vpn_facebook_audio2.pcap::367131,vpn_vpn_facebook_audio2.pcap,iscx,1,4.0,0.3249873350673007,48.0,1.4999999843750003,0.967213106826122,0.8135593220338984,1.2203389830508475,0.40677965756966394,0.70325585301018,0.04043710231781006,0.0327868851787154,0.0,0.08333333159722227,0.2686801334353265,0.425,SIMULATED_BLOCK
vpn_vpn_facebook_audio2.pcap::367132,vpn_vpn_facebook_audio2.pcap,iscx,1,4.0,0.3249873350673007,48.0,1.4999999843750003,0.967213106826122,0.8135593220338984,1.2203389830508475,0.40677965756966394,0.7029147277683635,0.04028058052062988,0.0327868851787154,0.0,0.08333333159722227,0.2405535974677945,0.35537190082644626,FLAG_REVIEW
vpn_vpn_facebook_audio2.pcap::367133,vpn_vpn_facebook_audio2.pcap,iscx,1,4.0,0.3249873350673007,48.0,1.4999999843750003,0.967213106826122,0.8135593220338984,1.2203389830508475,0.40677965756966394,0.7027121950152211,0.040445566177368164,0.0327868851787154,0.0,0.08333333159722227,0.2686801334353265,0.425,SIMULATED_BLOCK
vpn_vpn_facebook_audio2.pcap::367134,vpn_vpn_facebook_audio2.pcap,iscx,1,4.0,0.3249873350673007,48.0,1.4999999843750003,0.967213106826122,0.8135593220338984,1.2203389830508475,0.40677965756966394,0.7045008174824405,0.04037785530090332,0.0327868851787154,0.0,0.08333333159722227,0.2405535974677945,0.35537190082644626,FLAG_REVIEW
vpn_vpn_facebook_audio2.pcap::367135,vpn_vpn_facebook_audio2.pcap,iscx,1,4.0,0.3249873350673007,48.0,1.4999999843750003,0.967213106826122,0.8135593220338984,1.2203389830508475,0.40677965756966394,0.7044993189779679,0.04067254066467285,0.0327868851787154,0.0,0.08333333159722227,0.2686801334353265,0.425,SIMULATED_BLOCK
vpn_vpn_facebook_audio2.pcap::367137,vpn_vpn_facebook_audio2.pcap,iscx,1,53.0,1.491871256424734,126.0,3.423076857248522,0.37565734167290304,0.5591397849462365,1.913978494623656,1.3548386951092615,4.033622940790826,0.011278033256530762,-0.40934379998404513,-0.01886792417230332,0.34920634643487025,0.9238964826113519,0.8983050847457628,SIMULATED_BLOCK
vpn_vpn_facebook_audio2.pcap::367138,vpn_vpn_facebook_audio2.pcap,iscx,1,3.0,0.24314318265194945,22.5,1.3333333135802472,1.0732758481903986,0.8132530120481928,1.0843373493975903,0.2710843340833213,0.861797656386153,7.462501525878906e-05,0.9999999956896553,0.9999996666667778,-0.37777776098765503,0.9986173486667915,1.0,SIMULATED_BLOCK
vpn_vpn_facebook_audio2.pcap::367139,vpn_vpn_facebook_audio2.pcap,iscx,1,42.0,1.5054655652071463,186.75,4.591346065551037,0.3122801396613555,0.5591397849462365,2.567204301075269,2.008064494536941,3.552781654723411,0.025690078735351562,0.002078669651256902,0.0476190464852608,0.5609103048947239,0.9824115540867058,0.992,SIMULATED_BLOCK
vpn_vpn_facebook_audio2.pcap::367140,vpn_vpn_facebook_audio2.pcap,iscx,1,3.0,0.24314318265194945,22.5,1.3333333135802472,1.0732758481903986,0.8132530120481928,1.0843373493975903,0.2710843340833213,0.8306800452532376,6.80685043334961e-05,0.9999999956896553,0.9999996666667778,-0.37777776098765503,0.9986173486667915,1.0,SIMULATED_BLOCK
vpn_vpn_facebook_audio2.pcap::367159,vpn_vpn_facebook_audio2.pcap,iscx,1,18.0,1.4169424405265223,263.5,5.879629520747602,0.38217291375686446,0.4864864864864865,2.8603603603603602,2.373873852487623,1.7803496168699036,0.038411855697631836,-0.527161438307735,0.11111110493827195,0.5673624266893267,0.6883333716766815,0.7534246575342466,SIMULATED_BLOCK
vpn_vpn_facebook_audio2.pcap::367175,vpn_vpn_facebook_audio2.pcap,iscx,1,16.0,1.3607489333570184,298.75,6.745192177977074,0.35147437054747876,0.46846846846846846,3.15990990990991,2.6914414171942216,1.241171726616143,0.037458062171936035,-0.5547199682258618,0.12499999218750048,0.6050209184769174,0.9242023111418487,0.8983050847457628,SIMULATED_BLOCK
vpn_vpn_facebook_audio2.pcap::367177,vpn_vpn_facebook_audio2.pcap,iscx,1,56.0,1.5117090905929853,88.5,2.701923024963019,0.35080156138725,0.5591397849462365,1.510752688172043,0.9516128929934098,4.155340952024242,0.003912091255187988,-0.46840899902543387,-0.03571428507653063,0.07344632685371383,0.9810064852035044,0.992,SIMULATED_BLOCK
vpn_vpn_facebook_audio2.pcap::367178,vpn_vpn_facebook_audio2.pcap,iscx,1,3.0,0.24314318265194945,22.5,1.3333333135802472,1.0732758481903986,0.8132530120481928,1.0843373493975903,0.2710843340833213,0.7206470685379066,8.499622344970703e-05,0.9999999956896553,0.9999996666667778,-0.37777776098765503,0.9986131027169739,1.0,SIMULATED_BLOCK
vpn_vpn_facebook_audio2.pcap::367179,vpn_vpn_facebook_audio2.pcap,iscx,1,41.0,1.4865951102296049,207.0,4.980769134985209,0.30565130160066506,0.5591397849462365,2.78494623655914,2.2258064276795007,3.5056228517715753,0.026009857654571533,0.004729458917456557,0.07317072992266513,0.603864731382296,0.979983551121954,0.992,SIMULATED_BLOCK
vpn_vpn_facebook_audio2.pcap::367180,vpn_vpn_facebook_audio2.pcap,iscx,1,3.0,0.24314318265194945,22.5,1.3333333135802472,1.0732758481903986,0.8132530120481928,1.0843373493975903,0.2710843340833213,0.6163761034096561,5.638599395751953e-05,0.9999999956896553,0.9999996666667778,-0.37777776098765503,0.9989051820117131,1.0,SIMULATED_BLOCK
vpn_vpn_facebook_audio2.pcap::367187,vpn_vpn_facebook_audio2.pcap,iscx,1,20.0,0.5603470517522479,83.0,2.596153796227812,0.7722772200764632,0.6666666666666666,1.7307692307692308,1.0641025504602237,1.936817873553348,1.3508630990982056,0.2990099008420743,0.29999998500000075,0.3734939714036871,0.7694453033835678,0.7534246575342466,SIMULATED_BLOCK
vpn_vpn_facebook_audio2.pcap::367188,vpn_vpn_facebook_audio2.pcap,iscx,1,20.0,0.5603470517522479,83.0,2.596153796227812,0.7722772200764632,0.6666666666666666,1.7307692307692308,1.0641025504602237,1.936804150556784,1.3604860305786133,0.2990099008420743,0.29999998500000075,0.3734939714036871,0.7694453033835678,0.7534246575342466,SIMULATED_BLOCK
vpn_vpn_facebook_audio2.pcap::367189,vpn_vpn_facebook_audio2.pcap,iscx,1,20.0,0.5603470517522479,83.0,2.596153796227812,0.7722772200764632,0.6666666666666666,1.7307692307692308,1.0641025504602237,1.9356417937471024,2.260497808456421,0.2990099008420743,0.29999998500000075,0.3734939714036871,0.7984147988452323,0.7534246575342466,SIMULATED_BLOCK
vpn_vpn_facebook_audio2.pcap::367190,vpn_vpn_facebook_audio2.pcap,iscx,1,20.0,0.5603470517522479,83.0,2.596153796227812,0.7722772200764632,0.6666666666666666,1.7307692307692308,1.0641025504602237,1.9356258830588202,2.2730876207351685,0.2990099008420743,0.29999998500000075,0.3734939714036871,0.7984147988452323,0.7534246575342466,SIMULATED_BLOCK
vpn_vpn_facebook_audio2.pcap::367191,vpn_vpn_facebook_audio2.pcap,iscx,1,20.0,0.5603470517522479,83.0,2.596153796227812,0.7722772200764632,0.6666666666666666,1.7307692307692308,1.0641025504602237,1.9353454191389232,2.4900494813919067,0.2990099008420743,0.29999998500000075,0.3734939714036871,0.7984147988452323,0.7534246575342466,SIMULATED_BLOCK
vpn_vpn_facebook_audio2.pcap::367192,vpn_vpn_facebook_audio2.pcap,iscx,1,20.0,0.5603470517522479,83.0,2.596153796227812,0.7722772200764632,0.6666666666666666,1.7307692307692308,1.0641025504602237,1.9353285101147313,2.5022552013397217,0.2990099008420743,0.29999998500000075,0.3734939714036871,0.7984147988452323,0.7534246575342466,SIMULATED_BLOCK
vpn_vpn_facebook_audio2.pcap::367193,vpn_vpn_facebook_audio2.pcap,iscx,1,20.0,0.5603470517522479,83.0,2.596153796227812,0.7722772200764632,0.6666666666666666,1.7307692307692308,1.0641025504602237,1.93755791680284,0.7807583808898926,0.2990099008420743,0.29999998500000075,0.3734939714036871,0.7694453033835678,0.7534246575342466,SIMULATED_BLOCK
vpn_vpn_facebook_audio2.pcap::367194,vpn_vpn_facebook_audio2.pcap,iscx,1,20.0,0.5603470517522479,83.0,2.596153796227812,0.7722772200764632,0.6666666666666666,1.7307692307692308,1.0641025504602237,1.9375456464403094,0.7905343770980835,0.2990099008420743,0.29999998500000075,0.3734939714036871,0.7694453033835678,0.7534246575342466,SIMULATED_BLOCK
vpn_vpn_facebook_audio2.pcap::367195,vpn_vpn_facebook_audio2.pcap,iscx,1,20.0,0.5603470517522479,83.0,2.596153796227812,0.7722772200764632,0.6666666666666666,1.7307692307692308,1.0641025504602237,1.9382963565236466,0.2114008665084839,0.2990099008420743,0.29999998500000075,0.3734939714036871,0.7964516193409991,0.7534246575342466,SIMULATED_BLOCK
vpn_vpn_facebook_audio2.pcap::367196,vpn_vpn_facebook_audio2.pcap,iscx,1,20.0,0.5603470517522479,83.0,2.596153796227812,0.7722772200764632,0.6666666666666666,1.7307692307692308,1.0641025504602237,1.9382833741494605,0.2211625576019287,0.2990099008420743,0.29999998500000075,0.3734939714036871,0.7964516193409991,0.7534246575342466,SIMULATED_BLOCK
vpn_vpn_facebook_audio2.pcap::367197,vpn_vpn_facebook_audio2.pcap,iscx,1,20.0,0.5603470517522479,83.0,2.596153796227812,0.7722772200764632,0.6666666666666666,1.7307692307692308,1.0641025504602237,1.9378557120458337,0.5499979257583618,0.2990099008420743,0.29999998500000075,0.3734939714036871,0.7694453033835678,0.7534246575342466,SIMULATED_BLOCK
vpn_vpn_facebook_audio2.pcap::367198,vpn_vpn_facebook_audio2.pcap,iscx,1,20.0,0.5603470517522479,83.0,2.596153796227812,0.7722772200764632,0.6666666666666666,1.7307692307692308,1.0641025504602237,1.9378424766663895,0.5599814653396606,0.2990099008420743,0.29999998500000075,0.3734939714036871,0.7694453033835678,0.7534246575342466,SIMULATED_BLOCK
vpn_vpn_facebook_audio2.pcap::367199,vpn_vpn_facebook_audio2.pcap,iscx,1,20.0,0.5603470517522479,83.0,2.596153796227812,0.7722772200764632,0.6666666666666666,1.7307692307692308,1.0641025504602237,1.9363778708652823,1.6901204586029053,0.2990099008420743,0.29999998500000075,0.3734939714036871,0.7984147988452323,0.7534246575342466,SIMULATED_BLOCK
vpn_vpn_facebook_audio2.pcap::367200,vpn_vpn_facebook_audio2.pcap,iscx,1,20.0,0.5603470517522479,83.0,2.596153796227812,0.7722772200764632,0.6666666666666666,1.7307692307692308,1.0641025504602237,1.9363641989154872,1.7002793550491333,0.2990099008420743,0.29999998500000075,0.3734939714036871,0.7984147988452323,0.7534246575342466,SIMULATED_BLOCK
vpn_vpn_facebook_audio2.pcap::367201,vpn_vpn_facebook_audio2.pcap,iscx,1,20.0,0.5603470517522479,83.0,2.596153796227812,0.7722772200764632,0.6666666666666666,1.7307692307692308,1.0641025504602237,1.9349075107254523,2.830108404159546,0.2990099008420743,0.29999998500000075,0.3734939714036871,0.698167254738215,0.7534246575342466,SIMULATED_BLOCK
vpn_vpn_facebook_audio2.pcap::367202,vpn_vpn_facebook_audio2.pcap,iscx,1,20.0,0.5603470517522479,83.0,2.596153796227812,0.7722772200764632,0.6666666666666666,1.7307692307692308,1.0641025504602237,1.934894952021715,2.8403314352035522,0.2990099008420743,0.29999998500000075,0.3734939714036871,0.698167254738215,0.7534246575342466,SIMULATED_BLOCK
vpn_vpn_facebook_audio2.pcap::367203,vpn_vpn_facebook_audio2.pcap,iscx,1,20.0,0.5603470517522479,83.0,2.596153796227812,0.7722772200764632,0.6666666666666666,1.7307692307692308,1.0641025504602237,1.9346126000879065,3.060009002685547,0.2990099008420743,0.29999998500000075,0.3734939714036871,0.698167254738215,0.7534246575342466,SIMULATED_BLOCK
vpn_vpn_facebook_audio2.pcap::367204,vpn_vpn_facebook_audio2.pcap,iscx,1,20.0,0.5603470517522479,83.0,2.596153796227812,0.7722772200764632,0.6666666666666666,1.7307692307692308,1.0641025504602237,1.934596968299662,3.070482611656189,0.2990099008420743,0.29999998500000075,0.3734939714036871,0.698167254738215,0.7534246575342466,SIMULATED_BLOCK
vpn_vpn_facebook_audio2.pcap::367205,vpn_vpn_facebook_audio2.pcap,iscx,1,20.0,0.5603470517522479,83.0,2.596153796227812,0.7722772200764632,0.6666666666666666,1.7307692307692308,1.0641025504602237,1.9360786632322462,1.9204928874969482,0.2990099008420743,0.29999998500000075,0.3734939714036871,0.7984147988452323,0.7534246575342466,SIMULATED_BLOCK
vpn_vpn_facebook_audio2.pcap::367206,vpn_vpn_facebook_audio2.pcap,iscx,1,20.0,0.5603470517522479,83.0,2.596153796227812,0.7722772200764632,0.6666666666666666,1.7307692307692308,1.0641025504602237,1.9360682448054074,1.930198073387146,0.2990099008420743,0.29999998500000075,0.3734939714036871,0.7984147988452323,0.7534246575342466,SIMULATED_BLOCK
vpn_vpn_facebook_audio2.pcap::367207,vpn_vpn_facebook_audio2.pcap,iscx,1,20.0,0.5603470517522479,83.0,2.596153796227812,0.7722772200764632,0.6666666666666666,1.7307692307692308,1.0641025504602237,1.9371169808791073,1.120629072189331,0.2990099008420743,0.29999998500000075,0.3734939714036871,0.7694453033835678,0.7534246575342466,SIMULATED_BLOCK
vpn_vpn_facebook_audio2.pcap::367208,vpn_vpn_facebook_audio2.pcap,iscx,1,20.0,0.5603470517522479,83.0,2.596153796227812,0.7722772200764632,0.6666666666666666,1.7307692307692308,1.0641025504602237,1.9371046435071004,1.1304064989089966,0.2990099008420743,0.29999998500000075,0.3734939714036871,0.7694453033835678,0.7534246575342466,SIMULATED_BLOCK
vpn_vpn_facebook_audio2.pcap::367209,vpn_vpn_facebook_audio2.pcap,iscx,1,20.0,0.5603470517522479,83.0,2.596153796227812,0.7722772200764632,0.6666666666666666,1.7307692307692308,1.0641025504602237,1.9341725015811146,3.400291919708252,0.2990099008420743,0.29999998500000075,0.3734939714036871,0.698167254738215,0.7534246575342466,SIMULATED_BLOCK
vpn_vpn_facebook_audio2.pcap::367210,vpn_vpn_facebook_audio2.pcap,iscx,1,20.0,0.5603470517522479,83.0,2.596153796227812,0.7722772200764632,0.6666666666666666,1.7307692307692308,1.0641025504602237,1.9341603229755453,3.410396933555603,0.2990099008420743,0.29999998500000075,0.3734939714036871,0.698167254738215,0.7534246575342466,SIMULATED_BLOCK
vpn_vpn_facebook_audio2.pcap::367235,vpn_vpn_facebook_audio2.pcap,iscx,1,60.0,1.1652565478030907,1338.0,26.73076871671599,0.1794871791331614,0.5714285714285714,15.274725274725276,14.703296541722016,4.0473852079539006,0.0008103847503662109,-0.780013149218277,-0.03333333277777779,0.9417040351706247,0.04852206473278504,0.03666666666666667,FLAG_REVIEW
vpn_vpn_facebook_audio2.pcap::367241,vpn_vpn_facebook_audio2.pcap,iscx,1,15.0,1.4875038189583516,162.5,4.124999920673079,0.17492711319263232,0.8666666666666667,3.575,2.7083332881944453,2.2394361734509043,0.006350219249725342,-0.6256559765547801,0.3333333111111126,0.9015384559905326,0.9955515591715134,1.0,SIMULATED_BLOCK
vpn_vpn_facebook_audio2.pcap::367248,vpn_vpn_facebook_audio2.pcap,iscx,1,15.0,1.4875038189583516,162.5,4.124999920673079,0.17492711319263232,0.8666666666666667,3.575,2.7083332881944453,1.9617956764288618,0.002360701560974121,-0.6256559765547801,0.3333333111111126,0.9015384559905326,0.9958041372308115,1.0,SIMULATED_BLOCK
vpn_vpn_facebook_audio2.pcap::367254,vpn_vpn_facebook_audio2.pcap,iscx,1,15.0,1.487575577643449,162.5,4.124999920673079,0.1748931203607857,0.8666666666666667,3.575,2.7083332881944453,1.9626421183529807,0.002359747886657715,-0.6257287212153655,0.3333333111111126,0.9015384559905326,0.9958041372308115,1.0,SIMULATED_BLOCK
vpn_vpn_facebook_audio2.pcap::367260,vpn_vpn_facebook_audio2.pcap,iscx,1,22.0,1.6047479027002478,110.75,3.129807632119084,0.2815968481569763,0.7272727272727273,2.2762237762237763,1.5489510272873983,3.4612269243776947,0.01203608512878418,-0.5660580020468926,0.27272726033057904,0.6478555246243294,0.25521046290925264,0.3785458094443395,FLAG_REVIEW
vpn_vpn_facebook_audio2.pcap::367262,vpn_vpn_facebook_audio2.pcap,iscx,1,15.0,1.487575577643449,162.5,4.124999920673079,0.1748931203607857,0.8666666666666667,3.575,2.7083332881944453,1.5276754617244914,0.012088000774383545,-0.6257287212153655,0.3333333111111126,0.9015384559905326,0.9917607420515456,1.0,SIMULATED_BLOCK
vpn_vpn_facebook_audio2.pcap::367266,vpn_vpn_facebook_audio2.pcap,iscx,1,15.0,1.4875038189583516,162.5,4.124999920673079,0.17492711319263232,0.8666666666666667,3.575,2.7083332881944453,1.4895263180526408,0.015233039855957031,-0.6256559765547801,0.3333333111111126,0.9015384559905326,0.9911636646545674,1.0,SIMULATED_BLOCK
vpn_vpn_facebook_audio2.pcap::367272,vpn_vpn_facebook_audio2.pcap,iscx,1,18.0,1.503353633203495,180.75,4.475961452385357,0.3090812523343136,0.5360824742268041,2.399484536082474,1.8634020426453397,1.5859317272800253,0.012423038482666016,-0.6590546998302257,0.11111110493827195,0.5020746860189506,0.9145516020451384,0.8983050847457628,SIMULATED_BLOCK
vpn_vpn_facebook_audio2.pcap::367278,vpn_vpn_facebook_audio2.pcap,iscx,1,15.0,1.487575577643449,162.5,4.124999920673079,0.1748931203607857,0.8666666666666667,3.575,2.7083332881944453,1.4185751116394678,0.02070862054824829,-0.6257287212153655,0.3333333111111126,0.9015384559905326,0.9883394389864786,0.992,SIMULATED_BLOCK
vpn_vpn_facebook_audio2.pcap::367284,vpn_vpn_facebook_audio2.pcap,iscx,1,15.0,1.4875038189583516,162.5,4.124999920673079,0.17492711319263232,0.8666666666666667,3.575,2.7083332881944453,1.9331644032006141,0.00228959321975708,-0.6256559765547801,0.3333333111111126,0.9015384559905326,0.9959194507861601,1.0,SIMULATED_BLOCK
vpn_vpn_facebook_audio2.pcap::367290,vpn_vpn_facebook_audio2.pcap,iscx,1,15.0,1.487432300482521,162.5,4.124999920673079,0.17496111924097651,0.8666666666666667,3.575,2.7083332881944453,1.9066772598355552,0.0025085806846618652,-0.6255832036108897,0.3333333111111126,0.9015384559905326,0.9956856663707605,1.0,SIMULATED_BLOCK
vpn_vpn_facebook_audio2.pcap::367296,vpn_vpn_facebook_audio2.pcap,iscx,1,15.0,1.4862828945499815,164.5,4.1634614583949725,0.17475728104439628,0.8666666666666667,3.6083333333333334,2.741666620972223,1.8624498072564013,0.0028803348541259766,-0.6244660192962201,0.3333333111111126,0.9027355568222762,0.9956856663707605,1.0,SIMULATED_BLOCK
vpn_vpn_facebook_audio2.pcap::367302,vpn_vpn_facebook_audio2.pcap,iscx,1,15.0,1.4875038189583516,162.5,4.124999920673079,0.17492711319263232,0.8666666666666667,3.575,2.7083332881944453,1.8277937315530224,0.002405703067779541,-0.6256559765547801,0.3333333111111126,0.9015384559905326,0.99304884403156,1.0,SIMULATED_BLOCK
vpn_vpn_facebook_audio2.pcap::367303,vpn_vpn_facebook_audio2.pcap,iscx,1,15.0,1.487432300482521,162.5,4.124999920673079,0.17496111924097651,0.8666666666666667,3.575,2.7083332881944453,1.5821286639958094,0.00713193416595459,-0.6255832036108897,0.3333333111111126,0.9015384559905326,0.9948195729252749,1.0,SIMULATED_BLOCK
vpn_vpn_facebook_audio2.pcap::367310,vpn_vpn_facebook_audio2.pcap,iscx,1,15.0,1.4750308170920998,168.5,4.24038453383876,0.1863739898952972,0.8666666666666667,3.675,2.8083332865277786,1.4686566555309306,0.007332980632781982,-0.5961896871824001,0.3333333111111126,0.9050445050145727,0.9937168368430771,1.0,SIMULATED_BLOCK
vpn_vpn_facebook_audio2.pcap::367322,vpn_vpn_facebook_audio2.pcap,iscx,1,23.0,1.618178596179753,95.5,2.836538406989646,0.34058875863808363,0.6265060240963856,1.7771084337349397,1.1506023957758749,1.8575331362880536,0.02618461847305298,-0.5839429080135695,0.1304347769376184,0.35078533664099126,0.5683032825876452,0.6140350877192983,SIMULATED_BLOCK
vpn_vpn_facebook_audio2.pcap::367324,vpn_vpn_facebook_audio2.pcap,iscx,1,15.0,1.4875038189583516,162.5,4.124999920673079,0.17492711319263232,0.8666666666666667,3.575,2.7083332881944453,1.75590679634443,0.004116714000701904,-0.6256559765547801,0.3333333111111126,0.9015384559905326,0.9956167156522282,1.0,SIMULATED_BLOCK
vpn_vpn_facebook_audio2.pcap::367330,vpn_vpn_facebook_audio2.pcap,iscx,1,14.0,1.0674296088018504,53.5,1.9907407038751723,0.7381370765472062,0.6,1.1944444444444444,0.5944444378395063,1.467139883914419,0.01204991340637207,0.3884007027601636,0.2857142653061239,-0.345794386059918,0.635623303287999,0.6140350877192983,SIMULATED_BLOCK
vpn_vpn_facebook_audio2.pcap::367332,vpn_vpn_facebook_audio2.pcap,iscx,1,15.0,1.487432300482521,162.5,4.124999920673079,0.17496111924097651,0.8666666666666667,3.575,2.7083332881944453,1.8214628691526416,0.0024309754371643066,-0.6255832036108897,0.3333333111111126,0.9015384559905326,0.99304884403156,1.0,SIMULATED_BLOCK
vpn_vpn_facebook_audio2.pcap::367338,vpn_vpn_facebook_audio2.pcap,iscx,1,18.0,1.503353633203495,180.75,4.475961452385357,0.3090812523343136,0.5360824742268041,2.399484536082474,1.8634020426453397,1.7114534343429182,0.0028409957885742188,-0.6590546998302257,0.11111110493827195,0.5020746860189506,0.8695114068121859,0.8125,SIMULATED_BLOCK
vpn_vpn_facebook_audio2.pcap::367339,vpn_vpn_facebook_audio2.pcap,iscx,1,20.0,1.539850030789306,146.75,3.8221153111131674,0.3282874326890847,0.5777777777777777,2.2083333333333335,1.6305555374382719,1.545727939060734,0.010346651077270508,-0.614809410794308,0.09999999500000024,0.4821124328305797,0.7606430551607989,0.7534246575342466,SIMULATED_BLOCK
vpn_vpn_facebook_audio2.pcap::367341,vpn_vpn_facebook_audio2.pcap,iscx,1,4.0,0.07142857015306125,8.0,1.1538461316568052,0.9999999821428575,0.9285714285714286,1.0714285714285714,0.1428571403061225,1.4044698433298088,2.7730873823165894,0.46428571221301024,0.49999987500003124,0.0,0.9947699185162993,1.0,SIMULATED_BLOCK
vpn_vpn_facebook_audio2.pcap::367343,vpn_vpn_facebook_audio2.pcap,iscx,1,14.0,1.0674296088018504,53.5,1.9907407038751723,0.7381370765472062,0.6,1.1944444444444444,0.5944444378395063,1.2621204880687813,0.025400876998901367,0.3884007027601636,0.2857142653061239,-0.345794386059918,0.723308462058705,0.7534246575342466,SIMULATED_BLOCK
vpn_vpn_facebook_audio2.pcap::367344,vpn_vpn_facebook_audio2.pcap,iscx,1,21.0,1.6145581732098533,126.0,3.423076857248522,0.21705426278068224,0.8666666666666667,2.966666666666667,2.0999999650000007,1.8557851290875969,0.007764697074890137,-0.6144702841318742,0.23809522675737013,0.8730158660871756,0.8320111214503271,0.7534246575342466,SIMULATED_BLOCK
vpn_vpn_facebook_audio2.pcap::367347,vpn_vpn_facebook_audio2.pcap,iscx,1,15.0,1.486784870904511,163.5,4.144230689534026,0.1748931203607857,0.8666666666666667,3.591666666666667,2.724999954583334,1.794824209447808,0.0024904608726501465,-0.6249514184560918,0.3333333111111126,0.9021406672651947,0.9931284682925493,1.0,SIMULATED_BLOCK
vpn_vpn_facebook_audio2.pcap::367353,vpn_vpn_facebook_audio2.pcap,iscx,1,15.0,1.4875038189583516,162.5,4.124999920673079,0.17492711319263232,0.8666666666666667,3.575,2.7083332881944453,1.8469848376837403,0.00237274169921875,-0.6256559765547801,0.3333333111111126,0.9015384559905326,0.99304884403156,1.0,SIMULATED_BLOCK
vpn_vpn_facebook_audio2.pcap::367359,vpn_vpn_facebook_audio2.pcap,iscx,1,15.0,1.487432300482521,162.5,4.124999920673079,0.17496111924097651,0.8666666666666667,3.575,2.7083332881944453,1.8453209732279854,0.0024238228797912598,-0.6255832036108897,0.3333333111111126,0.9015384559905326,0.99304884403156,1.0,SIMULATED_BLOCK
vpn_vpn_facebook_audio2.pcap::367365,vpn_vpn_facebook_audio2.pcap,iscx,1,15.0,1.487432300482521,162.5,4.124999920673079,0.17496111924097651,0.8666666666666667,3.575,2.7083332881944453,1.8549722107372368,0.0024060606956481934,-0.6255832036108897,0.3333333111111126,0.9015384559905326,0.9959297793544175,1.0,SIMULATED_BLOCK
vpn_vpn_facebook_audio2.pcap::367371,vpn_vpn_facebook_audio2.pcap,iscx,1,15.0,1.47407914210028,168.5,4.24038453383876,0.1839738342682732,0.8666666666666667,3.675,2.8083332865277786,1.889381793745166,0.001973867416381836,-0.6013900244069112,0.3333333111111126,0.9050445050145727,0.9954894311504959,1.0,SIMULATED_BLOCK
vpn_vpn_facebook_audio2.pcap::367378,vpn_vpn_facebook_audio2.pcap,iscx,1,15.0,1.4756679669605555,167.5,4.221153764977813,0.1864125926271357,0.8666666666666667,3.658333333333333,2.7916666201388898,1.8685991844246492,0.002252936363220215,-0.596934548343634,0.3333333111111126,0.9044776065404322,0.9954894311504959,1.0,SIMULATED_BLOCK
vpn_vpn_facebook_audio2.pcap::367382,vpn_vpn_facebook_audio2.pcap,iscx,1,15.0,1.487432300482521,162.5,4.124999920673079,0.17496111924097651,0.8666666666666667,3.575,2.7083332881944453,1.813124340608489,0.003249943256378174,-0.6255832036108897,0.3333333111111126,0.9015384559905326,0.9931284682925493,1.0,SIMULATED_BLOCK
vpn_vpn_facebook_audio2.pcap::367391,vpn_vpn_facebook_audio2.pcap,iscx,1,15.0,1.487432300482521,162.5,4.124999920673079,0.17496111924097651,0.8666666666666667,3.575,2.7083332881944453,1.8301270394753928,0.0024313926696777344,-0.6255832036108897,0.3333333111111126,0.9015384559905326,0.99304884403156,1.0,SIMULATED_BLOCK
vpn_vpn_facebook_audio2.pcap::367397,vpn_vpn_facebook_audio2.pcap,iscx,1,15.0,1.4756679669605555,167.5,4.221153764977813,0.1864125926271357,0.8666666666666667,3.658333333333333,2.7916666201388898,1.6723039755877915,0.005832850933074951,-0.596934548343634,0.3333333111111126,0.9044776065404322,0.9947775784712766,1.0,SIMULATED_BLOCK
vpn_vpn_facebook_audio2.pcap::367403,vpn_vpn_facebook_audio2.pcap,iscx,1,15.0,1.4875038189583516,162.5,4.124999920673079,0.17492711319263232,0.8666666666666667,3.575,2.7083332881944453,1.6233559092429415,0.007390379905700684,-0.6256559765547801,0.3333333111111126,0.9015384559905326,0.994935225729441,1.0,SIMULATED_BLOCK
vpn_vpn_facebook_audio2.pcap::367409,vpn_vpn_facebook_audio2.pcap,iscx,1,100.0,1.2345464091137746,575.0,12.057692075813614,0.2314978852632748,0.5306122448979592,6.3979591836734695,5.867346878904624,2.7764005262137554,0.00019299983978271484,-0.29596296033127906,0.0199999998,0.8399999985391304,0.00606292073263113,0.00510204081632653,PASS
vpn_vpn_facebook_audio2.pcap::367424,vpn_vpn_facebook_audio2.pcap,iscx,1,4.0,0.3249873350673007,48.0,1.4999999843750003,0.967213106826122,0.8135593220338984,1.2203389830508475,0.40677965756966394,0.7030041030005513,0.040366530418395996,0.0327868851787154,0.0,0.08333333159722227,0.2405535974677945,0.35537190082644626,FLAG_REVIEW
vpn_vpn_facebook_audio2.pcap::367426,vpn_vpn_facebook_audio2.pcap,iscx,1,4.0,0.3249873350673007,48.0,1.4999999843750003,0.967213106826122,0.8135593220338984,1.2203389830508475,0.40677965756966394,0.7052188691945183,0.04036903381347656,0.0327868851787154,0.0,0.08333333159722227,0.2405535974677945,0.35537190082644626,FLAG_REVIEW
vpn_vpn_facebook_audio2.pcap::367512,vpn_vpn_facebook_audio2.pcap,iscx,1,4.0,0.3249873350673007,48.0,1.4999999843750003,0.967213106826122,0.8135593220338984,1.2203389830508475,0.40677965756966394,0.7025740923726441,0.04026150703430176,0.0327868851787154,0.0,0.08333333159722227,0.2405535974677945,0.35537190082644626,FLAG_REVIEW
vpn_vpn_facebook_audio2.pcap::367519,vpn_vpn_facebook_audio2.pcap,iscx,1,4.0,0.3249873350673007,48.0,1.4999999843750003,0.967213106826122,0.8135593220338984,1.2203389830508475,0.40677965756966394,0.7028187083631092,0.04036891460418701,0.0327868851787154,0.0,0.08333333159722227,0.2405535974677945,0.35537190082644626,FLAG_REVIEW
vpn_vpn_facebook_audio2.pcap::367527,vpn_vpn_facebook_audio2.pcap,iscx,1,4.0,0.3249873350673007,48.0,1.4999999843750003,0.967213106826122,0.8135593220338984,1.2203389830508475,0.40677965756966394,0.7030158129069244,0.04050946235656738,0.0327868851787154,0.0,0.08333333159722227,0.2686801334353265,0.425,SIMULATED_BLOCK
vpn_vpn_facebook_audio2.pcap::367529,vpn_vpn_facebook_audio2.pcap,iscx,1,4.0,0.3249873350673007,48.0,1.4999999843750003,0.967213106826122,0.8135593220338984,1.2203389830508475,0.40677965756966394,0.703008320824782,0.04076111316680908,0.0327868851787154,0.0,0.08333333159722227,0.2686801334353265,0.425,SIMULATED_BLOCK
vpn_vpn_facebook_audio2.pcap::367534,vpn_vpn_facebook_audio2.pcap,iscx,1,4.0,0.3249873350673007,48.0,1.4999999843750003,0.967213106826122,0.8135593220338984,1.2203389830508475,0.40677965756966394,0.701593013448338,0.0402294397354126,0.0327868851787154,0.0,0.08333333159722227,0.2405535974677945,0.35537190082644626,FLAG_REVIEW
vpn_vpn_facebook_audio2.pcap::367540,vpn_vpn_facebook_audio2.pcap,iscx,1,4.0,0.3249873350673007,48.0,1.4999999843750003,0.967213106826122,0.8135593220338984,1.2203389830508475,0.40677965756966394,0.7027587001867115,0.04049944877624512,0.0327868851787154,0.0,0.08333333159722227,0.2686801334353265,0.425,SIMULATED_BLOCK
vpn_vpn_facebook_audio2.pcap::367545,vpn_vpn_facebook_audio2.pcap,iscx,1,4.0,0.3249873350673007,48.0,1.4999999843750003,0.967213106826122,0.8135593220338984,1.2203389830508475,0.40677965756966394,0.703078515130993,0.0404820442199707,0.0327868851787154,0.0,0.08333333159722227,0.2686801334353265,0.425,SIMULATED_BLOCK
vpn_vpn_facebook_audio2.pcap::367548,vpn_vpn_facebook_audio2.pcap,iscx,1,4.0,0.3249873350673007,48.0,1.4999999843750003,0.967213106826122,0.8135593220338984,1.2203389830508475,0.40677965756966394,0.7028878784329442,0.04027986526489258,0.0327868851787154,0.0,0.08333333159722227,0.2405535974677945,0.35537190082644626,FLAG_REVIEW
vpn_vpn_facebook_audio2.pcap::367549,vpn_vpn_facebook_audio2.pcap,iscx,1,4.0,0.3249873350673007,48.0,1.4999999843750003,0.967213106826122,0.8135593220338984,1.2203389830508475,0.40677965756966394,0.701712166723911,0.040433526039123535,0.0327868851787154,0.0,0.08333333159722227,0.2686801334353265,0.425,SIMULATED_BLOCK
vpn_vpn_facebook_audio2.pcap::367550,vpn_vpn_facebook_audio2.pcap,iscx,1,4.0,0.3249873350673007,48.0,1.4999999843750003,0.967213106826122,0.8135593220338984,1.2203389830508475,0.40677965756966394,0.7029466610086517,0.04031956195831299,0.0327868851787154,0.0,0.08333333159722227,0.2405535974677945,0.35537190082644626,FLAG_REVIEW
vpn_vpn_facebook_audio2.pcap::367601,vpn_vpn_facebook_audio2.pcap,iscx,1,4.0,0.3249873350673007,48.0,1.4999999843750003,0.967213106826122,0.8135593220338984,1.2203389830508475,0.40677965756966394,0.7050817565912161,0.040412187576293945,0.0327868851787154,0.0,0.08333333159722227,0.2686801334353265,0.425,SIMULATED_BLOCK
vpn_vpn_facebook_audio2.pcap::367653,vpn_vpn_facebook_audio2.pcap,iscx,1,4.0,0.4632034591930437,107.0,2.725806407648284,0.9999999913419915,0.5367965367965368,1.4632034632034632,0.9264069183860874,1.4141634018111247,26.282024025917053,-0.4632034622008583,0.0,0.0,0.7000860313384303,0.7534246575342466,SIMULATED_BLOCK
vpn_vpn_facebook_audio2.pcap::367661,vpn_vpn_facebook_audio2.pcap,iscx,1,7.0,0.0,0.0,0.999999991935484,0.999999991935484,1.0,1.0,0.0,1.082391298948169,2.29987370967865,0.9999999988479262,0.9999998571428775,0.0,0.42714837523574634,0.425,SIMULATED_BLOCK
vpn_vpn_facebook_audio2.pcap::367680,vpn_vpn_facebook_audio2.pcap,iscx,1,4.0,0.3249873350673007,48.0,1.4999999843750003,0.967213106826122,0.8135593220338984,1.2203389830508475,0.40677965756966394,0.7042394435421144,0.04032909870147705,0.0327868851787154,0.0,0.08333333159722227,0.2405535974677945,0.35537190082644626,FLAG_REVIEW
vpn_vpn_facebook_audio2.pcap::367711,vpn_vpn_facebook_audio2.pcap,iscx,1,4.0,0.0,0.0,0.999999991935484,0.999999991935484,1.0,1.0,0.0,0.6803257578372757,3.120255470275879,0.999999997983871,0.9999997500000625,0.0,0.25496387375866597,0.36666493323756544,FLAG_REVIEW
vpn_vpn_facebook_audio2.pcap::367717,vpn_vpn_facebook_audio2.pcap,iscx,1,4.0,0.3249873350673007,48.0,1.4999999843750003,0.967213106826122,0.8135593220338984,1.2203389830508475,0.40677965756966394,0.7032506156923404,0.04037797451019287,0.0327868851787154,0.0,0.08333333159722227,0.2405535974677945,0.35537190082644626,FLAG_REVIEW
vpn_vpn_facebook_audio2.pcap::367722,vpn_vpn_facebook_audio2.pcap,iscx,1,4.0,0.3249873350673007,48.0,1.4999999843750003,0.967213106826122,0.8135593220338984,1.2203389830508475,0.40677965756966394,0.7035621963029866,0.04088902473449707,0.0327868851787154,0.0,0.08333333159722227,0.2686801334353265,0.425,SIMULATED_BLOCK
vpn_vpn_facebook_audio2.pcap::367727,vpn_vpn_facebook_audio2.pcap,iscx,1,4.0,0.3249873350673007,48.0,1.4999999843750003,0.967213106826122,0.8135593220338984,1.2203389830508475,0.40677965756966394,0.7024259999780336,0.04044198989868164,0.0327868851787154,0.0,0.08333333159722227,0.2686801334353265,0.425,SIMULATED_BLOCK
vpn_vpn_facebook_audio2.pcap::367731,vpn_vpn_facebook_audio2.pcap,iscx,1,4.0,0.3249873350673007,48.0,1.4999999843750003,0.967213106826122,0.8135593220338984,1.2203389830508475,0.40677965756966394,0.7042752668862047,0.04032742977142334,0.0327868851787154,0.0,0.08333333159722227,0.2405535974677945,0.35537190082644626,FLAG_REVIEW
vpn_vpn_facebook_audio2.pcap::367738,vpn_vpn_facebook_audio2.pcap,iscx,1,4.0,0.3249873350673007,48.0,1.4999999843750003,0.967213106826122,0.8135593220338984,1.2203389830508475,0.40677965756966394,0.7030976337949915,0.04027056694030762,0.0327868851787154,0.0,0.08333333159722227,0.2405535974677945,0.35537190082644626,FLAG_REVIEW
vpn_vpn_facebook_audio2.pcap::367743,vpn_vpn_facebook_audio2.pcap,iscx,1,4.0,0.3249873350673007,48.0,1.4999999843750003,0.967213106826122,0.8135593220338984,1.2203389830508475,0.40677965756966394,0.7036270364000135,0.04047739505767822,0.0327868851787154,0.0,0.08333333159722227,0.2686801334353265,0.425,SIMULATED_BLOCK
vpn_vpn_facebook_audio2.pcap::367842,vpn_vpn_facebook_audio2.pcap,iscx,1,7.0,0.0,0.0,0.999999991935484,0.999999991935484,1.0,1.0,0.0,1.0825695323275093,2.3004668951034546,0.9999999988479262,0.9999998571428775,0.0,0.42714837523574634,0.425,SIMULATED_BLOCK
vpn_vpn_facebook_audio2.pcap::367843,vpn_vpn_facebook_audio2.pcap,iscx,1,7.0,0.0,0.0,0.999999991935484,0.999999991935484,1.0,1.0,0.0,1.082530780431443,2.300061821937561,0.9999999988479262,0.9999998571428775,0.0,0.42714837523574634,0.425,SIMULATED_BLOCK
vpn_vpn_facebook_audio2.pcap::368506,vpn_vpn_facebook_audio2.pcap,iscx,1,13.0,1.4146922026860587,8.0,1.1538461316568052,0.42622950470303683,1.0,1.1538461538461537,0.15384615088757403,1.7220799720804898,2.518903911113739,-0.1689785623146415,0.07692307100591762,0.9999998750000157,0.9670696870239691,0.9739130434782609,SIMULATED_BLOCK
vpn_vpn_facebook_audio2.pcap::368509,vpn_vpn_facebook_audio2.pcap,iscx,1,100.0,0.9231583258260159,1320.0,26.384614877218947,0.5683928961016526,0.13594771241830064,3.5869281045751635,3.450980383134692,5.428710002991359,7.390975952148438e-05,-0.8271491195359664,-0.21999999780000004,0.49924242386421025,0.9364589737531231,0.9739130434782609,SIMULATED_BLOCK
vpn_vpn_facebook_audio2.pcap::368511,vpn_vpn_facebook_audio2.pcap,iscx,1,28.0,1.0245433254073044,437.0,9.403845973002962,0.17858769874710073,0.9285714285714286,8.732142857142858,7.803571289221941,2.4820534445222235,0.2646310329437256,-0.1995444191116692,0.21428570663265334,0.9816933615979557,0.9834541523733902,0.992,SIMULATED_BLOCK
vpn_vpn_facebook_audio2.pcap::368517,vpn_vpn_facebook_audio2.pcap,iscx,1,37.0,1.5390832873156506,80.0,2.5384614896449715,0.4169898187798566,0.5591397849462365,1.4193548387096775,0.8602150445138167,5.304414250169341,0.025530755519866943,-0.34076587489811366,-0.027027026296566857,-0.024999999687500003,0.9963378277158469,1.0,SIMULATED_BLOCK
vpn_vpn_facebook_audio2.pcap::368521,vpn_vpn_facebook_audio2.pcap,iscx,1,80.0,0.7621171639255098,1314.0,23.65517200594531,1.661782978185376,0.04283604135893648,1.0132939438700148,0.9704579017943442,3.0018540984409947,6.103515625e-05,-0.9302885721594544,-0.39999999500000005,-0.9726027389858426,0.8862048489091349,0.8983050847457628,SIMULATED_BLOCK
vpn_vpn_facebook_audio2.pcap::368528,vpn_vpn_facebook_audio2.pcap,iscx,1,71.0,1.6751680399400382,87.0,2.673076871671599,0.3783303714627023,0.5591397849462365,1.4946236559139785,0.9354838609087757,5.135638356767841,0.02477806806564331,0.2208789319761142,-0.04225352053164056,0.057471263707226855,0.9823795470155369,0.992,SIMULATED_BLOCK
vpn_vpn_facebook_audio2.pcap::368531,vpn_vpn_facebook_audio2.pcap,iscx,1,100.0,1.1140924237409215,1320.0,26.384614877218947,0.24087563062998488,0.416,10.976,10.55999991552,4.678158762130494,0.0022231340408325195,-0.5827648668327212,-0.199999998,0.889393938720156,0.08663373306192948,0.11764705882352941,FLAG_REVIEW
vpn_vpn_facebook_audio2.pcap::368542,vpn_vpn_facebook_audio2.pcap,iscx,1,29.0,1.5957689385889924,126.0,3.423076857248522,0.26032315865509104,0.8666666666666667,2.966666666666667,2.0999999650000007,1.9182917685766496,0.007512211799621582,-0.46349491315626945,0.10344827229488716,0.8730158660871756,0.2195371600993939,0.35537190082644626,FLAG_REVIEW
vpn_vpn_facebook_audio2.pcap::368558,vpn_vpn_facebook_audio2.pcap,iscx,1,78.0,1.5211636904742778,194.0,4.730769139792901,0.3276126806271435,0.5591397849462365,2.6451612903225805,2.0860214829460055,5.295640990934795,0.015822887420654297,-0.09258422906275024,-0.0512820506245891,0.5773195846529918,0.9967912458966479,1.0,SIMULATED_BLOCK
vpn_vpn_facebook_audio2.pcap::368559,vpn_vpn_facebook_audio2.pcap,iscx,1,61.0,1.1529282142877972,1320.0,26.384614877218947,0.1794969146986454,0.5591397849462365,14.75268817204301,14.193548234477976,3.289439603247977,0.00011092424392700195,-0.8399620312975807,-0.016393442354205864,0.9378787871682736,0.9306483352773014,0.8983050847457628,SIMULATED_BLOCK
vpn_vpn_facebook_audio2.pcap::368564,vpn_vpn_facebook_audio2.pcap,iscx,1,100.0,1.2125531330618857,511.25,10.831730560928259,0.2665723041600087,0.46017699115044247,4.984513274336283,4.524336243147467,3.9210494271289673,0.0057228803634643555,-0.09478650624923834,-0.099999999,0.7613691916648035,0.0022735486781930384,0.0,PASS
vpn_vpn_facebook_audio2.pcap::368569,vpn_vpn_facebook_audio2.pcap,iscx,1,100.0,1.5508117697732462,114.75,3.2067307075628713,0.44193469006492064,0.48148148148148145,1.5439814814814814,1.0624999901620371,4.602506054249492,9.298324584960938e-05,-0.6352401996630149,-0.0199999998,0.023965141403353887,0.7621691725097228,0.7534246575342466,SIMULATED_BLOCK
vpn_vpn_facebook_audio2.pcap::368573,vpn_vpn_facebook_audio2.pcap,iscx,1,31.0,1.5180517607792803,168.5,4.24038453383876,0.33977607418585054,0.5591397849462365,2.370967741935484,1.8118279375072266,1.762534913517132,0.0179518461227417,-0.2433706540667801,0.032258063475546335,0.513353112680397,0.9633914879205744,0.9739130434782609,SIMULATED_BLOCK
vpn_vpn_facebook_audio2.pcap::368576,vpn_vpn_facebook_audio2.pcap,iscx,1,93.0,1.5556624770573686,56.0,2.0769230369822496,0.4827928111934361,0.5842696629213483,1.2134831460674158,0.6292134760762531,8.562128913775426,0.022221863269805908,0.010265982267250002,-0.1182795686206498,-0.32142856568877565,0.9772197063169108,0.992,SIMULATED_BLOCK
vpn_vpn_facebook_audio2.pcap::368581,vpn_vpn_facebook_audio2.pcap,iscx,1,100.0,1.049871346669543,1320.0,26.384614877218947,0.24589306224775373,0.36879432624113473,9.73049645390071,9.361702061264525,3.3077310564780595,0.0014744997024536133,-0.522653552360876,-0.1399999986,0.8651515144960973,0.11427540990195637,0.125,FLAG_REVIEW
vpn_vpn_facebook_audio2.pcap::368583,vpn_vpn_facebook_audio2.pcap,iscx,1,34.0,1.3758744049916518,288.0,6.5384614127218965,0.27856834760920024,0.5473684210526316,3.5789473684210527,3.031578915457064,5.50276893257275,0.018422842025756836,-0.06252695126670746,-0.05882352768166096,0.7013888864535108,0.8672927811315313,0.8125,SIMULATED_BLOCK
vpn_vpn_facebook_audio2.pcap::368624,vpn_vpn_facebook_audio2.pcap,iscx,1,100.0,1.096631043772147,1306.5,26.124999497596164,0.2506168277531583,0.40310077519379844,10.531007751937985,10.127906898233281,6.9093047302725505,0.000622868537902832,-0.5040118120081594,-0.1799999982,0.8821278217511459,0.05982871725027578,0.04477611940298507,FLAG_REVIEW
vpn_vpn_facebook_audio2.pcap::368629,vpn_vpn_facebook_audio2.pcap,iscx,1,44.0,1.418557726889489,247.25,5.754807581638316,0.26692759218885753,0.5591397849462365,3.217741935483871,2.6586021219505147,4.916338652396966,0.023312091827392578,-0.18878016958977298,0.04545454442148763,0.6683518678731977,0.969100417403803,0.9739130434782609,SIMULATED_BLOCK
vpn_vpn_facebook_audio2.pcap::368635,vpn_vpn_facebook_audio2.pcap,iscx,1,41.0,1.4686465627059433,199.0,4.826922984097635,0.3340634296743823,0.5591397849462365,2.6989247311827955,2.139784923228119,6.015515376641346,0.004571199417114258,-0.04888733134318492,-0.07317072992266513,0.5879396955379915,0.9974721185320332,1.0,SIMULATED_BLOCK
vpn_vpn_facebook_audio2.pcap::368647,vpn_vpn_facebook_audio2.pcap,iscx,1,26.0,1.3011116627497492,497.25,10.562499796875004,0.23827898840485687,0.5473684210526316,5.781578947368421,5.234210471218837,1.9247609195777127,0.0065152645111083984,-0.4140459193117841,0.0,0.8270487665619934,0.018948419374041344,0.010526315789473684,PASS
vpn_vpn_facebook_audio2.pcap::368694,vpn_vpn_facebook_audio2.pcap,iscx,1,100.0,0.8174482072403342,1338.0,26.73076871671599,1.7198673876562458,0.03840472673559823,1.0265878877400296,0.9881831602746062,4.172520909805306,3.8504600524902344e-05,-0.8991451471426685,-0.23999999760000004,-0.9461883401000086,0.9876888264207762,0.992,SIMULATED_BLOCK
vpn_vpn_ftps_b.pcap::370274,vpn_vpn_ftps_b.pcap,iscx,1,100.0,0.7811918418906946,1308.0,26.153845650887586,1.6637917303876981,0.03823529411764706,1.0,0.961764705175173,3.0701080105941774,0.00032448768615722656,-0.9422321723377225,-0.2799999972,-0.9999999992354739,0.9976950651493753,1.0,SIMULATED_BLOCK
vpn_vpn_ftps_b.pcap::370278,vpn_vpn_ftps_b.pcap,iscx,1,100.0,1.0210511636659456,1308.0,26.153845650887586,0.09332342086755441,0.8813559322033898,23.050847457627118,22.169491149669643,3.399621051102199,0.0002989768981933594,-0.9088593979704709,0.0,0.9892966353292838,0.9985424221673449,1.0,SIMULATED_BLOCK
vpn_vpn_ftps_b.pcap::370279,vpn_vpn_ftps_b.pcap,iscx,1,3.0,0.4987890095657513,42.5,1.8173076573594682,0.647302896506603,1.0,1.8173076923076923,0.8173076765902371,0.4328762709698312,0.00012814998626708984,0.9999999958506224,0.9999996666667778,0.9999999764705888,0.9438007429184659,0.9739130434782609,SIMULATED_BLOCK
vpn_vpn_ftps_b.pcap::370282,vpn_vpn_ftps_b.pcap,iscx,1,100.0,1.0164169124655626,1308.0,26.153845650887586,0.09306434043714318,0.8813559322033898,23.050847457627118,22.169491149669643,3.3724021102513726,0.0005943775177001953,-0.9035601053535095,0.0,0.9892966353292838,0.9985079585785239,1.0,SIMULATED_BLOCK
vpn_vpn_ftps_b.pcap::370286,vpn_vpn_ftps_b.pcap,iscx,1,100.0,1.0058235669514142,1297.0,21.587301244646014,0.11296421213272634,0.875,18.88888888888889,18.01388863869599,2.128638898057604,0.006187081336975098,-0.8934057140923889,0.0,0.9861218188233447,0.9872255692996097,0.992,SIMULATED_BLOCK
vpn_vpn_ftps_b.pcap::370287,vpn_vpn_ftps_b.pcap,iscx,1,7.0,1.3325076295568503,674.5,12.62931012708086,0.16443719375169322,0.8055555555555556,10.17361111111111,9.368055425443675,1.6474246934777295,0.17485696077346802,-0.7748776506444119,0.4285713673469475,0.9584877672965341,0.9502078676956405,0.9739130434782609,SIMULATED_BLOCK
vpn_vpn_ftps_b.pcap::370290,vpn_vpn_ftps_b.pcap,iscx,1,100.0,1.0210511636659456,1308.0,26.153845650887586,0.09332342086755441,0.8813559322033898,23.050847457627118,22.169491149669643,3.4482213770532724,0.00025653839111328125,-0.9088593979704709,0.0,0.9892966353292838,0.9985424221673449,1.0,SIMULATED_BLOCK
vpn_vpn_ftps_b.pcap::370294,vpn_vpn_ftps_b.pcap,iscx,1,100.0,0.7814951015537765,1308.0,26.153845650887586,1.6641174650790853,0.03823529411764706,1.0,0.961764705175173,3.03763080278664,0.000546574592590332,-0.9426124196886803,-0.2799999972,-0.9999999992354739,0.9976950651493753,1.0,SIMULATED_BLOCK
vpn_vpn_ftps_b.pcap::370298,vpn_vpn_ftps_b.pcap,iscx,1,100.0,1.0192764536630583,1308.0,26.153845650887586,0.09322904306987588,0.8813559322033898,23.050847457627118,22.169491149669643,3.3594550310415734,0.00045943260192871094,-0.9069289720959638,0.0,0.9892966353292838,0.9985424221673449,1.0,SIMULATED_BLOCK
vpn_vpn_ftps_b.pcap::370299,vpn_vpn_ftps_b.pcap,iscx,1,3.0,0.358628314497077,26.5,1.5096153555843201,0.7464114725395482,1.0,1.5096153846153846,0.509615374815089,0.18897063983384366,4.100799560546875e-05,0.999999995215311,0.9999996666667778,0.9999999622641523,0.9346068052817322,0.9739130434782609,SIMULATED_BLOCK
vpn_vpn_ftps_b.pcap::370302,vpn_vpn_ftps_b.pcap,iscx,1,100.0,0.7855199067973572,1308.0,26.153845650887586,1.668036253212765,0.03823529411764706,1.0,0.961764705175173,3.067354353613656,0.0002779960632324219,-0.9471870285535037,-0.2799999972,-0.9999999992354739,0.9976950651493753,1.0,SIMULATED_BLOCK
vpn_vpn_ftps_b.pcap::370306,vpn_vpn_ftps_b.pcap,iscx,1,100.0,1.0160339539122076,1308.0,26.153845650887586,0.09304085898310936,0.8813559322033898,23.050847457627118,22.169491149669643,3.0947575305700488,0.0001710653305053711,-0.9030798101193276,0.0,0.9892966353292838,0.9982650494248592,1.0,SIMULATED_BLOCK
vpn_vpn_ftps_b.pcap::370307,vpn_vpn_ftps_b.pcap,iscx,1,3.0,0.8640456862575343,122.5,3.3557691662352087,0.3890274285110168,1.0,3.355769230769231,2.3557691854659772,0.2158243090266424,0.00010132789611816406,0.9999999975062345,0.9999996666667778,0.9999999918367348,0.8173668335277762,0.7534246575342466,SIMULATED_BLOCK
vpn_vpn_ftps_b.pcap::370310,vpn_vpn_ftps_b.pcap,iscx,1,100.0,0.7851573191270074,1308.0,26.153845650887586,1.6677089827371163,0.03823529411764706,1.0,0.961764705175173,3.2486351165625376,0.00042808055877685547,-0.9468049884002648,-0.2799999972,-0.9999999992354739,0.9976950651493753,1.0,SIMULATED_BLOCK
vpn_vpn_ftps_b.pcap::370311,vpn_vpn_ftps_b.pcap,iscx,1,3.0,0.8411815669088157,114.5,3.2019230153476346,0.40519480203744307,1.0,3.201923076923077,2.201923034578403,0.4331720837640611,0.0002033710479736328,0.9999999974025974,0.9999996666667778,0.9999999912663756,0.6595652105359824,0.6303867326455128,SIMULATED_BLOCK
vpn_vpn_ftps_b.pcap::370314,vpn_vpn_ftps_b.pcap,iscx,1,100.0,1.0164169124655626,1308.0,26.153845650887586,0.09306434043714318,0.8813559322033898,23.050847457627118,22.169491149669643,3.06128698885427,0.00013899803161621094,-0.9035601053535095,0.0,0.9892966353292838,0.9986552943237257,1.0,SIMULATED_BLOCK
vpn_vpn_ftps_b.pcap::370315,vpn_vpn_ftps_b.pcap,iscx,1,3.0,0.6908780941670717,74.5,2.4326922609097643,0.51147540480516,1.0,2.4326923076923075,1.432692280140533,0.4487395884567668,0.00023448467254638672,0.9999999967213115,0.9999996666667778,0.9999999865771815,0.6665847060414358,0.7272727272727273,SIMULATED_BLOCK
vpn_vpn_ftps_b.pcap::370318,vpn_vpn_ftps_b.pcap,iscx,1,100.0,0.7844469676517084,1308.0,26.153845650887586,1.6670548268995786,0.03823529411764706,1.0,0.961764705175173,3.227245014631931,0.0004889965057373047,-0.9460413576574689,-0.2799999972,-0.9999999992354739,0.9976950651493753,1.0,SIMULATED_BLOCK
vpn_vpn_ftps_b.pcap::370319,vpn_vpn_ftps_b.pcap,iscx,1,3.0,0.7269321981643742,82.5,2.5865384117973385,0.48598130386933364,1.0,2.5865384615384617,1.5865384310281072,0.01722488371632582,2.9802322387695312e-06,0.9999999968847352,0.9999996666667778,0.9999999878787881,0.5860513380278008,0.6140350877192983,SIMULATED_BLOCK
vpn_vpn_ftps_b.pcap::370322,vpn_vpn_ftps_b.pcap,iscx,1,100.0,0.7821164571470347,1308.0,26.153845650887586,1.664769317242886,0.03823529411764706,1.0,0.961764705175173,3.2226234612981512,0.00037539005279541016,-0.9433733612311537,-0.2799999972,-0.9999999992354739,0.9976950651493753,1.0,SIMULATED_BLOCK
vpn_vpn_ftps_b.pcap::370323,vpn_vpn_ftps_b.pcap,iscx,1,3.0,0.4336921533451871,34.5,1.6634615064718943,0.693333324088889,1.0,1.6634615384615385,0.663461525702663,0.17991399372670255,2.7418136596679688e-05,0.9999999955555556,0.9999996666667778,0.9999999710144937,0.9072527999834997,0.8983050847457628,SIMULATED_BLOCK
vpn_vpn_ftps_b.pcap::370326,vpn_vpn_ftps_b.pcap,iscx,1,100.0,0.7837563864276864,1308.0,26.153845650887586,1.6664011840437172,0.03823529411764706,1.0,0.961764705175173,3.2462007101226757,0.00025391578674316406,-0.9452783257453437,-0.2799999972,-0.9999999992354739,0.9976950651493753,1.0,SIMULATED_BLOCK
vpn_vpn_ftps_b.pcap::370327,vpn_vpn_ftps_b.pcap,iscx,1,3.0,0.8411815669088157,114.5,3.2019230153476346,0.40519480203744307,1.0,3.201923076923077,2.201923034578403,0.4176909314495448,0.00022304058074951172,0.9999999974025974,0.9999996666667778,0.9999999912663756,0.6707462219916751,0.7272727272727273,SIMULATED_BLOCK
vpn_vpn_ftps_b.pcap::370330,vpn_vpn_ftps_b.pcap,iscx,1,100.0,1.015657375124479,1308.0,26.153845650887586,0.09301738937549482,0.8813559322033898,23.050847457627118,22.169491149669643,3.7137362016965096,0.0003126859664916992,-0.9025997571946176,0.0,0.9892966353292838,0.9984309921806679,1.0,SIMULATED_BLOCK
vpn_vpn_ftps_b.pcap::370334,vpn_vpn_ftps_b.pcap,iscx,1,100.0,1.0161572078313303,1308.0,26.153845650887586,0.10095114894876547,0.8125,21.25,20.437499680664068,3.462566015903943,0.0002244710922241211,-0.9035601053535095,0.0,0.9816513753962909,0.9985707000331703,1.0,SIMULATED_BLOCK
vpn_vpn_ftps_b.pcap::370335,vpn_vpn_ftps_b.pcap,iscx,1,3.0,0.358628314497077,26.5,1.5096153555843201,0.7464114725395482,1.0,1.5096153846153846,0.509615374815089,0.2936020592455984,0.00012755393981933594,0.999999995215311,0.9999996666667778,0.9999999622641523,0.9739564078396964,0.992,SIMULATED_BLOCK
vpn_vpn_ftps_b.pcap::370338,vpn_vpn_ftps_b.pcap,iscx,1,100.0,0.7840992054185523,1308.0,26.153845650887586,1.666727941386659,0.03823529411764706,1.0,0.961764705175173,3.242922671495197,0.00035500526428222656,-0.9456597668916057,-0.2799999972,-0.9999999992354739,0.9976950651493753,1.0,SIMULATED_BLOCK
vpn_vpn_ftps_b.pcap::370339,vpn_vpn_ftps_b.pcap,iscx,1,3.0,0.5557804207484099,50.5,1.9711538082470423,0.6070038839649352,1.0,1.9711538461538463,0.9711538274778111,0.1419511783877548,1.704692840576172e-05,0.9999999961089494,0.9999996666667778,0.9999999801980203,0.7009467135318745,0.7534246575342466,SIMULATED_BLOCK
vpn_vpn_ftps_b.pcap::370342,vpn_vpn_ftps_b.pcap,iscx,1,100.0,1.0210511636659456,1308.0,26.153845650887586,0.09332342086755441,0.8813559322033898,23.050847457627118,22.169491149669643,3.3951086584617607,0.0002715587615966797,-0.9088593979704709,0.0,0.9892966353292838,0.9985424221673449,1.0,SIMULATED_BLOCK
vpn_vpn_ftps_b.pcap::370343,vpn_vpn_ftps_b.pcap,iscx,1,3.0,0.6908780941670717,74.5,2.4326922609097643,0.51147540480516,1.0,2.4326923076923075,1.432692280140533,0.04097400890974609,3.933906555175781e-06,0.9999999967213115,0.9999996666667778,0.9999999865771815,0.6414846450210407,0.6140350877192983,SIMULATED_BLOCK
vpn_vpn_ftps_b.pcap::370346,vpn_vpn_ftps_b.pcap,iscx,1,100.0,1.0210511636659456,1308.0,26.153845650887586,0.09332342086755441,0.8813559322033898,23.050847457627118,22.169491149669643,3.7195667244076005,0.00024390220642089844,-0.9088593979704709,0.0,0.9892966353292838,0.9984309921806679,1.0,SIMULATED_BLOCK
vpn_vpn_ftps_b.pcap::370350,vpn_vpn_ftps_b.pcap,iscx,1,100.0,0.7834185112517934,1308.0,26.153845650887586,1.666074554795386,0.03823529411764706,1.0,0.961764705175173,3.8004314173746714,0.00029540061950683594,-0.9448970341307025,-0.2799999972,-0.9999999992354739,0.9974883168078337,1.0,SIMULATED_BLOCK
vpn_vpn_ftps_b.pcap::370354,vpn_vpn_ftps_b.pcap,iscx,1,100.0,1.0210511636659456,1308.0,26.153845650887586,0.09332342086755441,0.8813559322033898,23.050847457627118,22.169491149669643,3.361554198819577,0.00022351741790771484,-0.9088593979704709,0.0,0.9892966353292838,0.9985424221673449,1.0,SIMULATED_BLOCK
vpn_vpn_ftps_b.pcap::370355,vpn_vpn_ftps_b.pcap,iscx,1,3.0,0.358628314497077,26.5,1.5096153555843201,0.7464114725395482,1.0,1.5096153846153846,0.509615374815089,0.20161906556702447,4.0411949157714844e-05,0.999999995215311,0.9999996666667778,0.9999999622641523,0.9346068052817322,0.9739130434782609,SIMULATED_BLOCK
vpn_vpn_ftps_b.pcap::370358,vpn_vpn_ftps_b.pcap,iscx,1,77.0,0.9719671336280924,917.0,18.634615026257404,0.7187248365686991,0.16613418530351437,3.0958466453674123,2.929712450703794,3.488592502180154,2.0135993361473083,0.3597351862237278,0.27272726918536017,0.43075245318347605,0.980848225740428,0.992,SIMULATED_BLOCK
vpn_vpn_ftps_b.pcap::370359,vpn_vpn_ftps_b.pcap,iscx,1,100.0,0.7827575942068736,1308.0,26.153845650887586,1.6654216802813806,0.03823529411764706,1.0,0.961764705175173,3.7523854477209975,0.00033652782440185547,-0.9441348991447064,-0.2799999972,-0.9999999992354739,0.9974883168078337,1.0,SIMULATED_BLOCK
vpn_vpn_ftps_b.pcap::370363,vpn_vpn_ftps_b.pcap,iscx,1,41.0,1.5298165286903334,107.0,3.057692248890534,0.6319045982778616,0.3795620437956204,1.1605839416058394,0.7810218921093293,6.08158825109072,0.22718381881713867,-0.3533580829842099,0.024390243307555043,-0.588785041226308,0.9926722813993486,1.0,SIMULATED_BLOCK
vpn_vpn_ftps_b.pcap::370365,vpn_vpn_ftps_b.pcap,iscx,1,100.0,1.0180125930883779,1308.0,26.153845650887586,0.09315838489703884,0.8813559322033898,23.050847457627118,22.169491149669643,3.5755648335815233,0.0002919435501098633,-0.9054837130578769,0.0,0.9892966353292838,0.9984309921806679,1.0,SIMULATED_BLOCK
vpn_vpn_ftps_b.pcap::370373,vpn_vpn_ftps_b.pcap,iscx,1,100.0,1.0379302319595947,1308.0,26.153845650887586,0.095184318633243,0.8813559322033898,23.050847457627118,22.169491149669643,4.491385782390402,0.00023436546325683594,-0.9030410583059927,0.0199999998,0.9892966353292838,0.998891882509018,1.0,SIMULATED_BLOCK
vpn_vpn_ftps_b.pcap::370374,vpn_vpn_ftps_b.pcap,iscx,1,3.0,0.4987890095657513,42.5,1.8173076573594682,0.647302896506603,1.0,1.8173076923076923,0.8173076765902371,0.5327275227772741,6.365776062011719e-05,0.9999999958506224,0.9999996666667778,0.9999999764705888,0.9828573094799326,0.992,SIMULATED_BLOCK
vpn_vpn_ftps_b.pcap::370377,vpn_vpn_ftps_b.pcap,iscx,1,100.0,0.7855199067973572,1308.0,26.153845650887586,1.668036253212765,0.03823529411764706,1.0,0.961764705175173,3.7650272129072917,0.0003044605255126953,-0.9471870285535037,-0.2799999972,-0.9999999992354739,0.9974883168078337,1.0,SIMULATED_BLOCK
vpn_vpn_ftps_b.pcap::370378,vpn_vpn_ftps_b.pcap,iscx,1,3.0,0.6908780941670717,74.5,2.4326922609097643,0.51147540480516,1.0,2.4326923076923075,1.432692280140533,0.5200427445419284,0.00028705596923828125,0.9999999967213115,0.9999996666667778,0.9999999865771815,0.5797655639527076,0.6140350877192983,SIMULATED_BLOCK
vpn_vpn_ftps_b.pcap::370381,vpn_vpn_ftps_b.pcap,iscx,1,100.0,0.7821164571470347,1308.0,26.153845650887586,1.664769317242886,0.03823529411764706,1.0,0.961764705175173,3.7716129313471902,0.0002104043960571289,-0.9433733612311537,-0.2799999972,-0.9999999992354739,0.9974883168078337,1.0,SIMULATED_BLOCK
vpn_vpn_ftps_b.pcap::370385,vpn_vpn_ftps_b.pcap,iscx,1,9.0,0.33557609385842774,0.0,0.9999999807692311,0.8813559172651539,1.0,1.0,0.0,1.4539943913142297,21.334172070026398,-0.2165725043002401,-0.11111109876543349,0.0,0.9958781379230842,1.0,SIMULATED_BLOCK
vpn_vpn_ftps_b.pcap::370387,vpn_vpn_ftps_b.pcap,iscx,1,100.0,0.7827575942068736,1308.0,26.153845650887586,1.6654216802813806,0.03823529411764706,1.0,0.961764705175173,3.759216182283104,0.00040590763092041016,-0.9441348991447064,-0.2799999972,-0.9999999992354739,0.9974883168078337,1.0,SIMULATED_BLOCK
vpn_vpn_ftps_b.pcap::370391,vpn_vpn_ftps_b.pcap,iscx,1,8.0,0.3479798117186445,0.0,0.9999999807692311,0.8684759771444513,1.0,1.0,0.0,1.3131874993710877,29.138410329818726,-0.34864300553519206,-0.24999996875000394,0.0,0.9908225478156619,1.0,SIMULATED_BLOCK
vpn_vpn_ftps_b.pcap::370393,vpn_vpn_ftps_b.pcap,iscx,1,100.0,0.7818033066286404,1308.0,26.153845650887586,1.664443327339163,0.03823529411764706,1.0,0.961764705175173,3.733973096456127,0.00036537647247314453,-0.9429928159573243,-0.2799999972,-0.9999999992354739,0.9974883168078337,1.0,SIMULATED_BLOCK
vpn_vpn_ftps_b.pcap::370397,vpn_vpn_ftps_b.pcap,iscx,1,100.0,0.7808935275205205,1308.0,26.153845650887586,1.6634661231901047,0.03823529411764706,1.0,0.961764705175173,3.785254255100342,0.00037801265716552734,-0.9418520738170206,-0.2799999972,-0.9999999992354739,0.9974883168078337,1.0,SIMULATED_BLOCK
vpn_vpn_ftps_b.pcap::370398,vpn_vpn_ftps_b.pcap,iscx,1,3.0,0.6060915200709801,58.5,2.1249999591346165,0.5714285651491366,1.0,2.125,1.124999978365385,0.36600711825532006,8.440017700195312e-05,0.9999999963369963,0.9999996666667778,0.9999999829059832,0.9829468035338584,0.992,SIMULATED_BLOCK
vpn_vpn_ftps_b.pcap::370401,vpn_vpn_ftps_b.pcap,iscx,1,10.0,0.3241852431529118,0.0,0.9999999807692311,0.8919382351297045,1.0,1.0,0.0,1.2329986260789165,44.77782392501831,-0.28644939916560996,-0.19999998000000202,0.0,0.9892526110299258,0.992,SIMULATED_BLOCK
vpn_vpn_ftps_b.pcap::370403,vpn_vpn_ftps_b.pcap,iscx,1,11.0,0.31373777817242887,0.0,0.9999999807692311,0.9007873859706123,1.0,1.0,0.0,1.3417674446633072,36.9556160569191,-0.18110236191952384,-0.09090908264462885,0.0,0.9940667567581875,1.0,SIMULATED_BLOCK
vpn_vpn_ftps_b.pcap::370405,vpn_vpn_ftps_b.pcap,iscx,1,100.0,0.7818033066286404,1308.0,26.153845650887586,1.664443327339163,0.03823529411764706,1.0,0.961764705175173,3.766136886731174,0.0002193450927734375,-0.9429928159573243,-0.2799999972,-0.9999999992354739,0.9974883168078337,1.0,SIMULATED_BLOCK
vpn_vpn_ftps_b.pcap::370406,vpn_vpn_ftps_b.pcap,iscx,1,3.0,0.8411815669088157,114.5,3.2019230153476346,0.40519480203744307,1.0,3.201923076923077,2.201923034578403,0.42034166017077346,0.00017845630645751953,0.9999999974025974,0.9999996666667778,0.9999999912663756,0.6595652105359824,0.6303867326455128,SIMULATED_BLOCK
vpn_vpn_ftps_b.pcap::370409,vpn_vpn_ftps_b.pcap,iscx,1,100.0,1.0311528371631078,100.0,1.7299269946720657,0.7989032769268068,0.8106508875739645,1.4023668639053255,0.591715972830083,1.1358505695287529,0.2584174871444702,-0.04783965207299614,-0.0399999996,0.3599999964,0.8473701879448479,0.8125,SIMULATED_BLOCK
vpn_vpn_ftps_b.pcap::370411,vpn_vpn_ftps_b.pcap,iscx,1,100.0,1.2464966670203108,121.0,3.3269230129437886,0.7612379798786577,0.3795620437956204,1.2627737226277371,0.8832116723853163,3.0311518197649514,0.224523663520813,-0.07151191864913531,0.1599999984,-0.40495867433918453,0.9794465645913276,0.992,SIMULATED_BLOCK
vpn_vpn_ftps_b.pcap::370412,vpn_vpn_ftps_b.pcap,iscx,1,100.0,1.2513409194956797,121.0,3.3269230129437886,0.7625939284019263,0.3795620437956204,1.2627737226277371,0.8832116723853163,3.5783857132840238,0.23276543617248535,-0.07342053993468296,0.1599999984,-0.40495867433918453,0.9748405680580946,0.992,SIMULATED_BLOCK
vpn_vpn_ftps_b.pcap::370418,vpn_vpn_ftps_b.pcap,iscx,1,9.0,0.23122601438671525,0.0,0.9999999807692311,0.8764044796111604,1.0,1.0,0.0,1.2783817969520415,41.512229919433594,0.09737827697120173,0.11111109876543349,0.0,0.9835358267380175,0.992,SIMULATED_BLOCK
vpn_vpn_ftps_b.pcap::370423,vpn_vpn_ftps_b.pcap,iscx,1,22.0,0.8023526963550016,1294.25,16.45373114682112,0.7924454817345664,0.15090090090090091,2.482882882882883,2.3319819777802127,2.0816264575093033,0.0016562938690185547,0.044003115261941644,0.0,0.27177902238997176,0.17012075084835804,0.35537190082644626,FLAG_REVIEW
vpn_vpn_ftps_b.pcap::370424,vpn_vpn_ftps_b.pcap,iscx,1,24.0,1.0881051208954864,44.0,1.8461538106508883,0.5843478199894141,0.9285714285714286,1.7142857142857142,0.7857142716836738,3.1890844750653566,0.210343599319458,0.24782608684877128,0.08333332986111125,0.8181817995867773,0.9908523405640948,1.0,SIMULATED_BLOCK
vpn_vpn_netflix_a.pcap::382628,vpn_vpn_netflix_a.pcap,iscx,1,16.0,1.07843759952055,1021.5,20.64423037222634,0.11462686545265316,0.8666666666666667,17.891666666666666,17.024999716250004,1.694389663231814,0.08242547512054443,0.15701492535438627,0.24999998437500096,0.9843367587035372,0.20521960383472093,0.35537190082644626,FLAG_REVIEW
vpn_vpn_netflix_a.pcap::382629,vpn_vpn_netflix_a.pcap,iscx,1,4.0,1.506801871250767,323.0,7.5918365797584375,0.1409214088321913,0.9423076923076923,7.153846153846154,6.2115383420858015,1.3877429732456819,0.07648289203643799,-0.9457994573537943,-0.49999987500003124,0.9814241455683463,0.1000066450089608,0.11764705882352941,FLAG_REVIEW
vpn_vpn_netflix_a.pcap::382632,vpn_vpn_netflix_a.pcap,iscx,1,5.0,0.3900928732183766,0.0,0.9999999807692311,0.8049535479109359,1.0,1.0,0.0,1.698192717074283,3.5882055163383484,-0.35603715060050417,-0.199999960000008,0.0,0.9742216438496262,0.992,SIMULATED_BLOCK
vpn_vpn_netflix_a.pcap::382634,vpn_vpn_netflix_a.pcap,iscx,1,4.0,0.4026538718310841,15.75,1.3028845903291426,0.7675276639479311,1.0,1.3028846153846154,0.30288460955991137,1.3830544074858968,6.867123484611511,-0.6162361600876894,-0.49999987500003124,0.9999999365079406,0.1510937906313308,0.35537190082644626,FLAG_REVIEW
vpn_vpn_netflix_a.pcap::382636,vpn_vpn_netflix_a.pcap,iscx,1,4.0,0.07142857015306125,8.0,1.1538461316568052,0.9999999821428575,0.9285714285714286,1.0714285714285714,0.1428571403061225,1.3618939903737266,4.970738053321838,0.0,0.0,0.0,0.9750142757881733,0.992,SIMULATED_BLOCK
vpn_vpn_netflix_a.pcap::382637,vpn_vpn_netflix_a.pcap,iscx,1,5.0,0.3900928732183766,0.0,0.9999999807692311,0.8049535479109359,1.0,1.0,0.0,1.6963820476405918,3.5928052067756653,-0.35603715060050417,-0.199999960000008,0.0,0.9742216438496262,0.992,SIMULATED_BLOCK
vpn_vpn_netflix_a.pcap::382639,vpn_vpn_netflix_a.pcap,iscx,1,5.0,0.3900928732183766,0.0,0.9999999807692311,0.8049535479109359,1.0,1.0,0.0,1.6953830247743933,3.5910204648971558,-0.35603715060050417,-0.199999960000008,0.0,0.9742216438496262,0.992,SIMULATED_BLOCK
vpn_vpn_netflix_a.pcap::382641,vpn_vpn_netflix_a.pcap,iscx,1,17.0,1.1342218407005806,606.0,12.653845910502964,0.15740740699445588,0.8666666666666667,10.966666666666667,10.09999983166667,3.132757785773965,0.2147434949874878,0.4777777777040466,0.17647057785467188,0.9735973581293773,0.7683723837707167,0.7534246575342466,SIMULATED_BLOCK
vpn_vpn_netflix_a.pcap::382644,vpn_vpn_netflix_a.pcap,iscx,1,4.0,0.07142857015306125,8.0,1.1538461316568052,0.9999999821428575,0.9285714285714286,1.0714285714285714,0.1428571403061225,1.3780423382567404,6.133126378059387,0.46428571221301024,0.49999987500003124,0.0,0.9916714630859551,1.0,SIMULATED_BLOCK
vpn_vpn_netflix_a.pcap::382645,vpn_vpn_netflix_a.pcap,iscx,1,4.0,0.07142857015306125,8.0,1.1538461316568052,0.9999999821428575,0.9285714285714286,1.0714285714285714,0.1428571403061225,1.3716285706196059,5.281654000282288,0.46428571221301024,0.49999987500003124,0.0,0.9916714630859551,1.0,SIMULATED_BLOCK
vpn_vpn_netflix_a.pcap::382646,vpn_vpn_netflix_a.pcap,iscx,1,4.0,0.07142857015306125,8.0,1.1538461316568052,0.9999999821428575,0.9285714285714286,1.0714285714285714,0.1428571403061225,1.3911145960523583,9.128594040870667,0.46428571221301024,0.49999987500003124,0.0,0.9916714630859551,1.0,SIMULATED_BLOCK
vpn_vpn_netflix_a.pcap::382650,vpn_vpn_netflix_a.pcap,iscx,1,4.0,0.07142857015306125,8.0,1.1538461316568052,0.9999999821428575,0.9285714285714286,1.0714285714285714,0.1428571403061225,1.3721593701797932,5.1047810316085815,0.0,0.0,0.0,0.9750142757881733,0.992,SIMULATED_BLOCK
vpn_vpn_netflix_a.pcap::382653,vpn_vpn_netflix_a.pcap,iscx,1,4.0,0.4026538718310841,15.75,1.3028845903291426,0.7675276639479311,1.0,1.3028846153846154,0.30288460955991137,1.3828423156132472,6.8240039348602295,-0.6162361600876894,-0.49999987500003124,0.9999999365079406,0.1510937906313308,0.35537190082644626,FLAG_REVIEW
vpn_vpn_netflix_a.pcap::382655,vpn_vpn_netflix_a.pcap,iscx,1,3.0,0.0,0.0,0.9999999807692311,0.9999999807692311,1.0,1.0,0.0,0.970777306058895,6.886271953582764,-0.3333333311965812,-0.33333322222225925,0.0,0.9011086370254955,0.8983050847457628,SIMULATED_BLOCK
vpn_vpn_netflix_a.pcap::382656,vpn_vpn_netflix_a.pcap,iscx,1,4.0,0.4026538718310841,15.75,1.3028845903291426,0.7675276639479311,1.0,1.3028846153846154,0.30288460955991137,1.3831357008132543,6.808844447135925,-0.6162361600876894,-0.49999987500003124,0.9999999365079406,0.1510937906313308,0.35537190082644626,FLAG_REVIEW
vpn_vpn_netflix_a.pcap::382658,vpn_vpn_netflix_a.pcap,iscx,1,3.0,0.0,0.0,0.9999999807692311,0.9999999807692311,1.0,1.0,0.0,0.9711705206471367,6.892805099487305,-0.3333333311965812,-0.33333322222225925,0.0,0.9011086370254955,0.8983050847457628,SIMULATED_BLOCK
vpn_vpn_netflix_a.pcap::382659,vpn_vpn_netflix_a.pcap,iscx,1,3.0,0.0,0.0,0.9999999807692311,0.9999999807692311,1.0,1.0,0.0,0.9709429341544981,6.890982985496521,-0.3333333311965812,-0.33333322222225925,0.0,0.9011086370254955,0.8983050847457628,SIMULATED_BLOCK
vpn_vpn_netflix_a.pcap::382666,vpn_vpn_netflix_a.pcap,iscx,1,14.0,1.399820736226064,533.75,11.264422860299561,0.15013404782390666,1.0,11.264423076923077,10.26442287953033,2.5870005131767217,0.21923303604125977,0.3190348524811229,0.0,0.9999999981264637,0.6996188893403829,0.7534246575342466,SIMULATED_BLOCK
vpn_vpn_netflix_a.pcap::382667,vpn_vpn_netflix_a.pcap,iscx,1,58.0,1.0365640408688452,1308.0,26.153845650887586,0.08539554887159687,1.0,26.153846153846153,25.153845670118354,5.845684241969431,0.00022912025451660156,-0.8769465994428635,0.0,0.9999999992354739,0.9973480461262881,1.0,SIMULATED_BLOCK
vpn_vpn_netflix_a.pcap::382668,vpn_vpn_netflix_a.pcap,iscx,1,58.0,1.0365640408688452,1308.0,26.153845650887586,0.08539554887159687,1.0,26.153846153846153,25.153845670118354,5.845296159302862,0.0002491474151611328,-0.8769465994428635,0.0,0.9999999992354739,0.9973480461262881,1.0,SIMULATED_BLOCK
vpn_vpn_netflix_a.pcap::382669,vpn_vpn_netflix_a.pcap,iscx,1,58.0,1.0365640408688452,1308.0,26.153845650887586,0.08539554887159687,1.0,26.153846153846153,25.153845670118354,5.844400288965419,0.0002460479736328125,-0.8769465994428635,0.0,0.9999999992354739,0.9973480461262881,1.0,SIMULATED_BLOCK
vpn_vpn_netflix_a.pcap::382673,vpn_vpn_netflix_a.pcap,iscx,1,47.0,1.1429049095199892,1293.5,25.874999502403856,0.10391156441820393,1.0,25.875,24.874999521634624,4.728626127523166,0.21564728021621704,-0.32117346937409974,0.021276595291987336,0.9999999992269036,0.8261142330974002,0.7534246575342466,SIMULATED_BLOCK
vpn_vpn_netflix_a.pcap::382676,vpn_vpn_netflix_a.pcap,iscx,1,100.0,0.9629263782922113,1308.0,26.153845650887586,0.09069335052875228,0.8666666666666667,22.666666666666668,21.799999636666673,3.875734684838922,0.00011086463928222656,-0.8796801547700217,0.0199999998,0.9877675833426852,0.9996852403078912,1.0,SIMULATED_BLOCK
vpn_vpn_netflix_a.pcap::382678,vpn_vpn_netflix_a.pcap,iscx,1,5.0,0.0,0.0,0.9999999807692311,0.9999999807692311,1.0,1.0,0.0,1.0097434109772732,36.40922164916992,0.19999999923076925,0.199999960000008,0.0,0.9922512392613234,1.0,SIMULATED_BLOCK
vpn_vpn_netflix_a.pcap::382679,vpn_vpn_netflix_a.pcap,iscx,1,5.0,0.0,0.0,0.9999999807692311,0.9999999807692311,1.0,1.0,0.0,1.0097287643979147,36.393727481365204,0.19999999923076925,0.199999960000008,0.0,0.9922512392613234,1.0,SIMULATED_BLOCK
vpn_vpn_netflix_a.pcap::382680,vpn_vpn_netflix_a.pcap,iscx,1,5.0,0.0,0.0,0.9999999807692311,0.9999999807692311,1.0,1.0,0.0,1.00654420972259,37.02373957633972,0.19999999923076925,0.199999960000008,0.0,0.9922512392613234,1.0,SIMULATED_BLOCK
vpn_vpn_netflix_a.pcap::382681,vpn_vpn_netflix_a.pcap,iscx,1,5.0,0.0,0.0,0.9999999807692311,0.9999999807692311,1.0,1.0,0.0,1.0072713113966896,36.86675953865051,0.19999999923076925,0.199999960000008,0.0,0.9922512392613234,1.0,SIMULATED_BLOCK
vpn_vpn_netflix_a.pcap::382682,vpn_vpn_netflix_a.pcap,iscx,1,5.0,0.0,0.0,0.9999999807692311,0.9999999807692311,1.0,1.0,0.0,1.0024709365343236,38.029142796993256,0.19999999923076925,0.199999960000008,0.0,0.9922512392613234,1.0,SIMULATED_BLOCK
vpn_vpn_netflix_a.pcap::382683,vpn_vpn_netflix_a.pcap,iscx,1,5.0,0.0,0.0,0.9999999807692311,0.9999999807692311,1.0,1.0,0.0,1.0027747430959624,37.933628380298615,0.19999999923076925,0.199999960000008,0.0,0.9922512392613234,1.0,SIMULATED_BLOCK
vpn_vpn_netflix_a.pcap::382684,vpn_vpn_netflix_a.pcap,iscx,1,5.0,0.0,0.0,0.9999999807692311,0.9999999807692311,1.0,1.0,0.0,1.0035867596599246,37.734754860401154,0.19999999923076925,0.199999960000008,0.0,0.9922512392613234,1.0,SIMULATED_BLOCK
vpn_vpn_netflix_a.pcap::382685,vpn_vpn_netflix_a.pcap,iscx,1,5.0,0.0,0.0,0.9999999807692311,0.9999999807692311,1.0,1.0,0.0,1.0034786638940476,37.698015213012695,0.19999999923076925,0.199999960000008,0.0,0.9922512392613234,1.0,SIMULATED_BLOCK
vpn_vpn_netflix_a.pcap::382710,vpn_vpn_netflix_a.pcap,iscx,1,5.0,0.0,0.0,0.9999999807692311,0.9999999807692311,1.0,1.0,0.0,0.9986551485250734,39.066179156303406,0.19999999923076925,0.199999960000008,0.0,0.9922512392613234,1.0,SIMULATED_BLOCK
vpn_vpn_netflix_a.pcap::382714,vpn_vpn_netflix_a.pcap,iscx,1,5.0,0.0,0.0,0.9999999807692311,0.9999999807692311,1.0,1.0,0.0,1.010764833619698,36.23427551984787,0.19999999923076925,0.199999960000008,0.0,0.9922512392613234,1.0,SIMULATED_BLOCK
vpn_vpn_netflix_a.pcap::382715,vpn_vpn_netflix_a.pcap,iscx,1,5.0,0.0,0.0,0.9999999807692311,0.9999999807692311,1.0,1.0,0.0,1.0107611147451894,36.23426467180252,0.19999999923076925,0.199999960000008,0.0,0.9922512392613234,1.0,SIMULATED_BLOCK
vpn_vpn_netflix_a.pcap::382716,vpn_vpn_netflix_a.pcap,iscx,1,5.0,0.0,0.0,0.9999999807692311,0.9999999807692311,1.0,1.0,0.0,1.0078692194297867,36.760211288928986,0.19999999923076925,0.199999960000008,0.0,0.9922512392613234,1.0,SIMULATED_BLOCK
vpn_vpn_netflix_a.pcap::382717,vpn_vpn_netflix_a.pcap,iscx,1,5.0,0.0,0.0,0.9999999807692311,0.9999999807692311,1.0,1.0,0.0,1.009201827251606,36.45257544517517,0.19999999923076925,0.199999960000008,0.0,0.9922512392613234,1.0,SIMULATED_BLOCK
vpn_vpn_netflix_a.pcap::382730,vpn_vpn_netflix_a.pcap,iscx,1,5.0,0.0,0.0,0.9999999807692311,0.9999999807692311,1.0,1.0,0.0,1.001483773723635,38.10400605201721,0.19999999923076925,0.199999960000008,0.0,0.9922512392613234,1.0,SIMULATED_BLOCK
vpn_vpn_netflix_a.pcap::382731,vpn_vpn_netflix_a.pcap,iscx,1,5.0,0.0,0.0,0.9999999807692311,0.9999999807692311,1.0,1.0,0.0,1.0014780159099355,38.10384774208069,0.19999999923076925,0.199999960000008,0.0,0.9922512392613234,1.0,SIMULATED_BLOCK
vpn_vpn_netflix_a.pcap::382732,vpn_vpn_netflix_a.pcap,iscx,1,5.0,0.0,0.0,0.9999999807692311,0.9999999807692311,1.0,1.0,0.0,1.0332840365007472,32.89083832502365,0.19999999923076925,0.199999960000008,0.0,0.9909963334307722,1.0,SIMULATED_BLOCK
vpn_vpn_netflix_a.pcap::382733,vpn_vpn_netflix_a.pcap,iscx,1,5.0,0.0,0.0,0.9999999807692311,0.9999999807692311,1.0,1.0,0.0,1.0173968081384233,34.97056829929352,0.19999999923076925,0.199999960000008,0.0,0.9907661839299378,1.0,SIMULATED_BLOCK
vpn_vpn_netflix_a.pcap::382734,vpn_vpn_netflix_a.pcap,iscx,1,5.0,0.0,0.0,0.9999999807692311,0.9999999807692311,1.0,1.0,0.0,1.0334847670382783,32.866711020469666,0.19999999923076925,0.199999960000008,0.0,0.9909963334307722,1.0,SIMULATED_BLOCK
vpn_vpn_netflix_a.pcap::382735,vpn_vpn_netflix_a.pcap,iscx,1,5.0,0.0,0.0,0.9999999807692311,0.9999999807692311,1.0,1.0,0.0,0.9993970056835435,38.74310904741287,0.19999999923076925,0.199999960000008,0.0,0.9922512392613234,1.0,SIMULATED_BLOCK
vpn_vpn_netflix_a.pcap::382742,vpn_vpn_netflix_a.pcap,iscx,1,7.0,0.0,0.0,0.9999999807692311,0.9999999807692311,1.0,1.0,0.0,0.9981373045952738,42.73169153928757,0.14285714246467818,0.1428571224489825,0.0,0.9922512392613234,1.0,SIMULATED_BLOCK
vpn_vpn_netflix_a.pcap::382743,vpn_vpn_netflix_a.pcap,iscx,1,7.0,0.0,0.0,0.9999999807692311,0.9999999807692311,1.0,1.0,0.0,0.9981442918158018,42.7318549156189,0.14285714246467818,0.1428571224489825,0.0,0.9922512392613234,1.0,SIMULATED_BLOCK
vpn_vpn_netflix_a.pcap::382744,vpn_vpn_netflix_a.pcap,iscx,1,7.0,0.0,0.0,0.9999999807692311,0.9999999807692311,1.0,1.0,0.0,0.998125802886136,42.73129439353943,0.14285714246467818,0.1428571224489825,0.0,0.9922512392613234,1.0,SIMULATED_BLOCK
vpn_vpn_netflix_a.pcap::382748,vpn_vpn_netflix_a.pcap,iscx,1,7.0,0.0,0.0,0.9999999807692311,0.9999999807692311,1.0,1.0,0.0,0.9971448604350794,42.86765903234482,0.14285714246467818,0.1428571224489825,0.0,0.9928649428139226,1.0,SIMULATED_BLOCK
vpn_vpn_netflix_a.pcap::382750,vpn_vpn_netflix_a.pcap,iscx,1,7.0,0.0,0.0,0.9999999807692311,0.9999999807692311,1.0,1.0,0.0,1.0123763778056194,41.50646048784256,0.14285714246467818,0.1428571224489825,0.0,0.9922512392613234,1.0,SIMULATED_BLOCK
vpn_vpn_netflix_a.pcap::382752,vpn_vpn_netflix_a.pcap,iscx,1,9.0,0.0,0.0,0.9999999807692311,0.9999999807692311,1.0,1.0,0.0,1.0167833043173726,44.780199110507965,0.11111111087369421,0.11111109876543349,0.0,0.9912756970006787,1.0,SIMULATED_BLOCK
vpn_vpn_netflix_a.pcap::382754,vpn_vpn_netflix_a.pcap,iscx,1,38.0,1.8881983836808187,48.0,1.9230768860946754,0.2811210683336747,1.0,1.9230769230769231,0.9230769053254442,2.3644986654112565,0.20573115348815918,-0.532223644823983,0.0,0.9999999791666672,0.9961402597911005,1.0,SIMULATED_BLOCK
vpn_vpn_netflix_a.pcap::382756,vpn_vpn_netflix_a.pcap,iscx,1,11.0,0.0,0.0,0.9999999807692311,0.9999999807692311,1.0,1.0,0.0,1.0119717924055327,44.78370416164398,0.09090909075015893,0.09090908264462885,0.0,0.9923895212045183,1.0,SIMULATED_BLOCK
vpn_vpn_netflix_a.pcap::382757,vpn_vpn_netflix_a.pcap,iscx,1,11.0,0.0,0.0,0.9999999807692311,0.9999999807692311,1.0,1.0,0.0,1.008257844126438,44.78280371427536,0.09090909075015893,0.09090908264462885,0.0,0.9923895212045183,1.0,SIMULATED_BLOCK
vpn_vpn_netflix_a.pcap::382758,vpn_vpn_netflix_a.pcap,iscx,1,11.0,0.0,0.0,0.9999999807692311,0.9999999807692311,1.0,1.0,0.0,1.0083001340557367,44.783040940761566,0.09090909075015893,0.09090908264462885,0.0,0.9923895212045183,1.0,SIMULATED_BLOCK
vpn_vpn_netflix_a.pcap::382759,vpn_vpn_netflix_a.pcap,iscx,1,11.0,0.0,0.0,0.9999999807692311,0.9999999807692311,1.0,1.0,0.0,1.0086656198019637,44.7853861451149,0.09090909075015893,0.09090908264462885,0.0,0.9923895212045183,1.0,SIMULATED_BLOCK
vpn_vpn_netflix_a.pcap::382760,vpn_vpn_netflix_a.pcap,iscx,1,11.0,0.0,0.0,0.9999999807692311,0.9999999807692311,1.0,1.0,0.0,1.0106943354813376,44.7854882478714,0.09090909075015893,0.09090908264462885,0.0,0.9923895212045183,1.0,SIMULATED_BLOCK
vpn_vpn_netflix_a.pcap::382761,vpn_vpn_netflix_a.pcap,iscx,1,11.0,0.0,0.0,0.9999999807692311,0.9999999807692311,1.0,1.0,0.0,1.0105930317489917,44.78413665294647,0.09090909075015893,0.09090908264462885,0.0,0.9923895212045183,1.0,SIMULATED_BLOCK
vpn_vpn_netflix_a.pcap::382762,vpn_vpn_netflix_a.pcap,iscx,1,11.0,0.0,0.0,0.9999999807692311,0.9999999807692311,1.0,1.0,0.0,1.0113381650603799,44.78369224071503,0.09090909075015893,0.09090908264462885,0.0,0.9923895212045183,1.0,SIMULATED_BLOCK
vpn_vpn_netflix_a.pcap::382763,vpn_vpn_netflix_a.pcap,iscx,1,11.0,0.0,0.0,0.9999999807692311,0.9999999807692311,1.0,1.0,0.0,1.0113248167841036,44.78453701734543,0.09090909075015893,0.09090908264462885,0.0,0.9923895212045183,1.0,SIMULATED_BLOCK
vpn_vpn_netflix_a.pcap::382764,vpn_vpn_netflix_a.pcap,iscx,1,11.0,0.0,0.0,0.9999999807692311,0.9999999807692311,1.0,1.0,0.0,1.0086632126113242,44.78265208005905,0.09090909075015893,0.09090908264462885,0.0,0.9923895212045183,1.0,SIMULATED_BLOCK
vpn_vpn_netflix_a.pcap::382765,vpn_vpn_netflix_a.pcap,iscx,1,11.0,0.0,0.0,0.9999999807692311,0.9999999807692311,1.0,1.0,0.0,1.0112040052671194,44.78611481189728,0.09090909075015893,0.09090908264462885,0.0,0.9923895212045183,1.0,SIMULATED_BLOCK
vpn_vpn_netflix_a.pcap::382776,vpn_vpn_netflix_a.pcap,iscx,1,34.0,1.8656745019235272,52.25,2.004807653753699,0.2659446436458908,1.0,2.0048076923076925,1.004807672984468,2.2079847456166717,0.21771812438964844,-0.5776173284329696,0.0,0.9999999808612444,0.9952913577087344,1.0,SIMULATED_BLOCK
vpn_vpn_netflix_a.pcap::382778,vpn_vpn_netflix_a.pcap,iscx,1,13.0,0.0,0.0,0.9999999807692311,0.9999999807692311,1.0,1.0,0.0,1.0040616043562323,44.785181164741516,0.0769230768092854,0.07692307100591762,0.0,0.9923895212045183,1.0,SIMULATED_BLOCK
vpn_vpn_netflix_a.pcap::382779,vpn_vpn_netflix_a.pcap,iscx,1,13.0,0.0,0.0,0.9999999807692311,0.9999999807692311,1.0,1.0,0.0,1.003708456552454,44.78368556499481,0.0769230768092854,0.07692307100591762,0.0,0.9923895212045183,1.0,SIMULATED_BLOCK
vpn_vpn_netflix_a.pcap::382780,vpn_vpn_netflix_a.pcap,iscx,1,13.0,0.0,0.0,0.9999999807692311,0.9999999807692311,1.0,1.0,0.0,1.003521763638554,44.78303873538971,0.0769230768092854,0.07692307100591762,0.0,0.9923895212045183,1.0,SIMULATED_BLOCK
vpn_vpn_netflix_a.pcap::382781,vpn_vpn_netflix_a.pcap,iscx,1,13.0,0.0,0.0,0.9999999807692311,0.9999999807692311,1.0,1.0,0.0,1.0035204859759563,44.782931089401245,0.0769230768092854,0.07692307100591762,0.0,0.9923895212045183,1.0,SIMULATED_BLOCK
vpn_vpn_netflix_a.pcap::382782,vpn_vpn_netflix_a.pcap,iscx,1,13.0,0.0,0.0,0.9999999807692311,0.9999999807692311,1.0,1.0,0.0,1.0039783116943524,44.78368067741394,0.0769230768092854,0.07692307100591762,0.0,0.9923895212045183,1.0,SIMULATED_BLOCK
vpn_vpn_netflix_a.pcap::382783,vpn_vpn_netflix_a.pcap,iscx,1,13.0,0.0,0.0,0.9999999807692311,0.9999999807692311,1.0,1.0,0.0,1.0035203184272081,44.78289830684662,0.0769230768092854,0.07692307100591762,0.0,0.9923895212045183,1.0,SIMULATED_BLOCK
vpn_vpn_netflix_a.pcap::382784,vpn_vpn_netflix_a.pcap,iscx,1,13.0,0.0,0.0,0.9999999807692311,0.9999999807692311,1.0,1.0,0.0,1.0039789170134472,44.78347098827362,0.0769230768092854,0.07692307100591762,0.0,0.9923895212045183,1.0,SIMULATED_BLOCK
vpn_vpn_netflix_a.pcap::382785,vpn_vpn_netflix_a.pcap,iscx,1,13.0,0.0,0.0,0.9999999807692311,0.9999999807692311,1.0,1.0,0.0,1.0042506649296938,44.78458172082901,0.0769230768092854,0.07692307100591762,0.0,0.9923895212045183,1.0,SIMULATED_BLOCK
vpn_vpn_netflix_a.pcap::382786,vpn_vpn_netflix_a.pcap,iscx,1,13.0,0.0,0.0,0.9999999807692311,0.9999999807692311,1.0,1.0,0.0,1.0044525961134205,44.783110439777374,0.0769230768092854,0.07692307100591762,0.0,0.9923895212045183,1.0,SIMULATED_BLOCK
vpn_vpn_netflix_a.pcap::382787,vpn_vpn_netflix_a.pcap,iscx,1,13.0,0.0,0.0,0.9999999807692311,0.9999999807692311,1.0,1.0,0.0,1.0035336560385275,44.78446185588837,0.0769230768092854,0.07692307100591762,0.0,0.9923895212045183,1.0,SIMULATED_BLOCK
vpn_vpn_netflix_a.pcap::382788,vpn_vpn_netflix_a.pcap,iscx,1,13.0,0.0,0.0,0.9999999807692311,0.9999999807692311,1.0,1.0,0.0,1.0035685275549777,44.784715354442596,0.0769230768092854,0.07692307100591762,0.0,0.9923895212045183,1.0,SIMULATED_BLOCK
vpn_vpn_netflix_a.pcap::382789,vpn_vpn_netflix_a.pcap,iscx,1,13.0,0.0,0.0,0.9999999807692311,0.9999999807692311,1.0,1.0,0.0,1.0039380770459219,44.78233277797699,0.0769230768092854,0.07692307100591762,0.0,0.9923895212045183,1.0,SIMULATED_BLOCK
vpn_vpn_netflix_a.pcap::382790,vpn_vpn_netflix_a.pcap,iscx,1,13.0,0.0,0.0,0.9999999807692311,0.9999999807692311,1.0,1.0,0.0,1.0039638712798162,44.78286397457123,0.0769230768092854,0.07692307100591762,0.0,0.9923895212045183,1.0,SIMULATED_BLOCK
vpn_vpn_netflix_a.pcap::382791,vpn_vpn_netflix_a.pcap,iscx,1,13.0,0.0,0.0,0.9999999807692311,0.9999999807692311,1.0,1.0,0.0,1.0044961265169299,44.78299564123154,0.0769230768092854,0.07692307100591762,0.0,0.9923895212045183,1.0,SIMULATED_BLOCK
vpn_vpn_netflix_a.pcap::382792,vpn_vpn_netflix_a.pcap,iscx,1,13.0,0.0,0.0,0.9999999807692311,0.9999999807692311,1.0,1.0,0.0,1.0040417230614356,44.7850239276886,0.0769230768092854,0.07692307100591762,0.0,0.9923895212045183,1.0,SIMULATED_BLOCK
vpn_vpn_netflix_a.pcap::382793,vpn_vpn_netflix_a.pcap,iscx,1,13.0,0.0,0.0,0.9999999807692311,0.9999999807692311,1.0,1.0,0.0,1.0044297882221074,44.783320009708405,0.0769230768092854,0.07692307100591762,0.0,0.9923895212045183,1.0,SIMULATED_BLOCK
vpn_vpn_netflix_a.pcap::382794,vpn_vpn_netflix_a.pcap,iscx,1,13.0,0.0,0.0,0.9999999807692311,0.9999999807692311,1.0,1.0,0.0,1.0044267005169052,44.78328937292099,0.0769230768092854,0.07692307100591762,0.0,0.9923895212045183,1.0,SIMULATED_BLOCK
vpn_vpn_netflix_a.pcap::382795,vpn_vpn_netflix_a.pcap,iscx,1,13.0,0.0,0.0,0.9999999807692311,0.9999999807692311,1.0,1.0,0.0,1.0044974408074956,44.78297936916351,0.0769230768092854,0.07692307100591762,0.0,0.9923895212045183,1.0,SIMULATED_BLOCK
vpn_vpn_netflix_a.pcap::382796,vpn_vpn_netflix_a.pcap,iscx,1,13.0,0.0,0.0,0.9999999807692311,0.9999999807692311,1.0,1.0,0.0,1.00396071068591,44.782853960990906,0.0769230768092854,0.07692307100591762,0.0,0.9923895212045183,1.0,SIMULATED_BLOCK
vpn_vpn_netflix_a.pcap::382816,vpn_vpn_netflix_a.pcap,iscx,1,18.0,1.8428843535964001,0.0,0.9999999807692311,0.23111111008395063,1.0,1.0,0.0,1.1943350115173381,44.795520067214966,0.15999999996049383,0.11111110493827195,0.0,0.9781872144913818,0.992,SIMULATED_BLOCK
vpn_vpn_netflix_a.pcap::382820,vpn_vpn_netflix_a.pcap,iscx,1,20.0,1.8857538658086308,0.0,0.9999999807692311,0.27455121291155643,1.0,1.0,0.0,1.3037470241249884,44.85941803455353,-0.47676874327434826,0.09999999500000024,0.0,0.9885479615331,0.992,SIMULATED_BLOCK
vpn_vpn_netflix_a.pcap::382821,vpn_vpn_netflix_a.pcap,iscx,1,36.0,1.2814233588813515,1308.0,26.153845650887586,0.11279826439740073,1.0,26.153846153846153,25.153845670118354,1.9926482657809572,0.21652495861053467,-0.8120028922142684,0.05555555401234573,0.9999999992354739,0.9875351454340802,0.992,SIMULATED_BLOCK
vpn_vpn_netflix_a.pcap::382822,vpn_vpn_netflix_a.pcap,iscx,1,74.0,1.0855776377353363,1308.0,26.153845650887586,0.08903079506285651,1.0,26.153846153846153,25.153845670118354,3.0609983534206795,0.00024390220642089844,-0.8821868998662181,0.02702702666179694,0.9999999992354739,0.9911006890100972,1.0,SIMULATED_BLOCK
vpn_vpn_netflix_a.pcap::382823,vpn_vpn_netflix_a.pcap,iscx,1,94.0,1.0927145632672264,1308.0,26.153845650887586,0.08927038611284054,1.0,26.153846153846153,25.153845670118354,3.5065212453053523,0.0003008842468261719,-0.8928317048508295,0.02127659551833409,0.9999999992354739,0.9911591905766395,1.0,SIMULATED_BLOCK
vpn_vpn_netflix_a.pcap::382824,vpn_vpn_netflix_a.pcap,iscx,1,100.0,0.759208559156224,1308.0,26.153845650887586,1.629913708497227,0.03823529411764706,1.0,0.961764705175173,5.1929022220245775,0.0001684427261352539,-0.8733940555983535,-0.199999998,-0.9999999992354739,0.996122606780152,1.0,SIMULATED_BLOCK
vpn_vpn_netflix_a.pcap::382825,vpn_vpn_netflix_a.pcap,iscx,1,100.0,0.9540904756854279,1308.0,26.153845650887586,0.08888757190428649,0.8666666666666667,22.666666666666668,21.799999636666673,5.202096719814052,0.00015032291412353516,-0.9093346765098395,0.0,0.9877675833426852,0.999822687197293,1.0,SIMULATED_BLOCK
vpn_vpn_netflix_a.pcap::382832,vpn_vpn_netflix_a.pcap,iscx,1,100.0,0.9612604851161403,1308.0,26.153845650887586,0.08999550009000225,0.8666666666666667,22.666666666666668,21.799999636666673,4.963286601148933,6.198883056640625e-05,-0.9077246137556965,0.0,0.9877675833426852,0.9997201410855509,1.0,SIMULATED_BLOCK
vpn_vpn_netflix_a.pcap::382834,vpn_vpn_netflix_a.pcap,iscx,1,100.0,0.8402918621376929,1308.0,26.153845650887586,1.5138350467666954,0.045916114790286976,1.2008830022075054,1.15496688639738,3.6127728115636915,0.0003389120101928711,-0.04282849886321577,0.05999999940000001,-0.6521406722842961,0.9753912137052587,0.992,SIMULATED_BLOCK
vpn_vpn_netflix_a.pcap::382847,vpn_vpn_netflix_a.pcap,iscx,1,34.0,1.8203908316213382,52.25,2.004807653753699,0.2584417469979507,1.0,2.0048076923076925,1.004807672984468,2.2085552651337967,0.20682024955749512,-0.548604005182195,0.0,0.9999999808612444,0.9969369043142706,1.0,SIMULATED_BLOCK
vpn_vpn_netflix_a.pcap::382849,vpn_vpn_netflix_a.pcap,iscx,1,4.0,0.07142857015306125,8.0,1.1538461316568052,0.9999999821428575,0.9285714285714286,1.0714285714285714,0.1428571403061225,1.372468591714812,5.111880540847778,0.0,0.0,0.0,0.9750142757881733,0.992,SIMULATED_BLOCK
vpn_vpn_netflix_a.pcap::382852,vpn_vpn_netflix_a.pcap,iscx,1,100.0,0.8572482699259448,1308.0,26.153845650887586,1.1156479403947759,0.0640788662969809,1.6759088108441158,1.6118299425608997,4.65939557186092,0.0005354881286621094,0.5122219472557368,0.1599999984,-0.16131498458615062,0.8705439023878332,0.8125,SIMULATED_BLOCK
vpn_vpn_netflix_a.pcap::382865,vpn_vpn_netflix_a.pcap,iscx,1,4.0,0.07142857015306125,8.0,1.1538461316568052,0.9999999821428575,0.9285714285714286,1.0714285714285714,0.1428571403061225,1.388763653829938,8.962535381317139,0.46428571221301024,0.49999987500003124,0.0,0.9916714630859551,1.0,SIMULATED_BLOCK
vpn_vpn_netflix_a.pcap::382867,vpn_vpn_netflix_a.pcap,iscx,1,31.0,1.0525767708687424,42.0,1.8076922729289948,0.5628491559188813,1.0,1.8076923076923077,0.8076922921597637,2.0842778660445336,0.20475786924362183,0.20600558652024945,0.032258063475546335,0.9999999761904769,0.9941132158435558,1.0,SIMULATED_BLOCK
vpn_vpn_netflix_a.pcap::382869,vpn_vpn_netflix_a.pcap,iscx,1,88.0,0.7968434153080525,1308.0,26.153845650887586,1.5102915680637512,0.04448246364414029,1.1633875106929,1.1189050460916123,4.906759406497031,0.0005103349685668945,0.6118272308099388,0.27272726962809923,-0.7079510697951443,0.9404152049732148,0.9739130434782609,SIMULATED_BLOCK
vpn_vpn_netflix_a.pcap::382880,vpn_vpn_netflix_a.pcap,iscx,1,4.0,0.07142857015306125,8.0,1.1538461316568052,0.9999999821428575,0.9285714285714286,1.0714285714285714,0.1428571403061225,1.3665180492766298,5.00035548210144,0.46428571221301024,0.49999987500003124,0.0,0.9916714630859551,1.0,SIMULATED_BLOCK
vpn_vpn_netflix_a.pcap::382882,vpn_vpn_netflix_a.pcap,iscx,1,45.0,1.0033795899150832,1308.0,26.153845650887586,0.30233322329554185,0.2826086956521739,7.391304347826087,7.108695613539698,4.626710279775952,0.01333165168762207,0.37671157847238795,0.11111110864197538,0.7981651370044608,0.3916651556156563,0.425,SIMULATED_BLOCK
vpn_vpn_netflix_a.pcap::382884,vpn_vpn_netflix_a.pcap,iscx,1,4.0,0.07142857015306125,8.0,1.1538461316568052,0.9999999821428575,0.9285714285714286,1.0714285714285714,0.1428571403061225,1.3903147759106083,9.852267026901245,0.46428571221301024,0.49999987500003124,0.0,0.9916714630859551,1.0,SIMULATED_BLOCK
vpn_vpn_netflix_a.pcap::382886,vpn_vpn_netflix_a.pcap,iscx,1,4.0,0.07142857015306125,8.0,1.1538461316568052,0.9999999821428575,0.9285714285714286,1.0714285714285714,0.1428571403061225,1.3309131761416824,5.000770449638367,0.46428571221301024,0.49999987500003124,0.0,0.9896225011111821,1.0,SIMULATED_BLOCK
vpn_vpn_netflix_a.pcap::382888,vpn_vpn_netflix_a.pcap,iscx,1,38.0,1.9117336492879502,48.0,1.9230768860946754,0.2861280030592436,1.0,1.9230769230769231,0.9230769053254442,2.362723227908244,0.20519399642944336,-0.5372140167191987,0.05263157756232691,0.9999999791666672,0.9939109929115134,1.0,SIMULATED_BLOCK
vpn_vpn_netflix_a.pcap::382890,vpn_vpn_netflix_a.pcap,iscx,1,100.0,0.8908565773491455,1308.0,26.153845650887586,0.9539340747071321,0.07866868381240545,2.0574886535552195,1.9788199667491377,6.766777670270541,0.00025904178619384766,0.4946602782356599,0.0399999996,0.06880733939693628,0.7936840084154634,0.7534246575342466,SIMULATED_BLOCK
vpn_vpn_netflix_a.pcap::382892,vpn_vpn_netflix_a.pcap,iscx,1,4.0,0.07142857015306125,8.0,1.1538461316568052,0.9999999821428575,0.9285714285714286,1.0714285714285714,0.1428571403061225,1.388711065619324,8.863724827766418,0.46428571221301024,0.49999987500003124,0.0,0.9916714630859551,1.0,SIMULATED_BLOCK
vpn_vpn_netflix_a.pcap::382894,vpn_vpn_netflix_a.pcap,iscx,1,45.0,0.9822194968609647,1308.0,26.153845650887586,0.418535944164784,0.20392156862745098,5.333333333333333,5.129411744590542,4.644441418101621,0.013468325138092041,0.37520516466516374,0.11111110864197538,0.6896024459559614,0.44989578039864997,0.425,SIMULATED_BLOCK
vpn_vpn_netflix_a.pcap::382896,vpn_vpn_netflix_a.pcap,iscx,1,4.0,0.07142857015306125,8.0,1.1538461316568052,0.9999999821428575,0.9285714285714286,1.0714285714285714,0.1428571403061225,1.3901992137687103,9.73837947845459,0.46428571221301024,0.49999987500003124,0.0,0.9916714630859551,1.0,SIMULATED_BLOCK
vpn_vpn_netflix_a.pcap::382898,vpn_vpn_netflix_a.pcap,iscx,1,4.0,0.07142857015306125,8.0,1.1538461316568052,0.9999999821428575,0.9285714285714286,1.0714285714285714,0.1428571403061225,1.3697995531687839,5.000340461730957,0.46428571221301024,0.49999987500003124,0.0,0.9916714630859551,1.0,SIMULATED_BLOCK
vpn_vpn_netflix_a.pcap::382900,vpn_vpn_netflix_a.pcap,iscx,1,45.0,0.9804551862468422,1308.0,26.153845650887586,0.46391752501270306,0.18374558303886926,4.80565371024735,4.6219081108766495,4.632508135927464,0.012382209300994873,0.37554187459926625,0.11111110864197538,0.6467889903312011,0.4554934394122119,0.425,SIMULATED_BLOCK
vpn_vpn_netflix_a.pcap::382902,vpn_vpn_netflix_a.pcap,iscx,1,4.0,0.07142857015306125,8.0,1.1538461316568052,0.9999999821428575,0.9285714285714286,1.0714285714285714,0.1428571403061225,1.366180420388059,5.0002970695495605,0.46428571221301024,0.49999987500003124,0.0,0.9916714630859551,1.0,SIMULATED_BLOCK
vpn_vpn_netflix_a.pcap::382904,vpn_vpn_netflix_a.pcap,iscx,1,20.0,1.3854512891085289,269.25,6.177884496579145,0.23763955267100623,0.697986577181208,4.3120805369127515,3.614093911220216,4.2071692922626855,0.14194607734680176,-0.46858054219001904,-0.09999999500000024,0.8328690776866515,0.9247542828459141,0.8983050847457628,SIMULATED_BLOCK
vpn_vpn_netflix_a.pcap::382905,vpn_vpn_netflix_a.pcap,iscx,1,59.0,0.7981521039186694,1308.0,26.153845650887586,1.2729037507422885,0.053169734151329244,1.3905930470347647,1.337423311515927,5.396564571700437,0.0008821487426757812,0.6233923804764203,0.32203389284688316,-0.4159021403548148,0.8911238697422832,0.8983050847457628,SIMULATED_BLOCK
vpn_vpn_netflix_a.pcap::382916,vpn_vpn_netflix_a.pcap,iscx,1,4.0,0.07142857015306125,8.0,1.1538461316568052,0.9999999821428575,0.9285714285714286,1.0714285714285714,0.1428571403061225,1.364990979754522,5.000058531761169,0.46428571221301024,0.49999987500003124,0.0,0.9916714630859551,1.0,SIMULATED_BLOCK
vpn_vpn_netflix_a.pcap::382918,vpn_vpn_netflix_a.pcap,iscx,1,45.0,1.004002964443019,1308.0,26.153845650887586,0.2925813634376973,0.29213483146067415,7.640449438202247,7.348314565458907,4.637405364925991,0.010282754898071289,0.37721445007205995,0.11111110864197538,0.8073394489240523,0.32431055197563047,0.425,SIMULATED_BLOCK
vpn_vpn_netflix_a.pcap::382920,vpn_vpn_netflix_a.pcap,iscx,1,58.0,1.7305107164729152,49.0,1.9423076549556222,0.25565821693412083,1.0,1.9423076923076923,0.9423076741863909,2.2012939040931725,0.4119400978088379,-0.21013817070355698,0.0,0.9999999795918372,0.9902035726155003,1.0,SIMULATED_BLOCK
vpn_vpn_netflix_a.pcap::382922,vpn_vpn_netflix_a.pcap,iscx,1,31.0,1.0525767708687424,42.0,1.8076922729289948,0.5628491559188813,1.0,1.8076923076923077,0.8076922921597637,2.08431595252819,0.20587080717086792,0.20600558652024945,0.032258063475546335,0.9999999761904769,0.9941132158435558,1.0,SIMULATED_BLOCK
vpn_vpn_netflix_a.pcap::382924,vpn_vpn_netflix_a.pcap,iscx,1,32.0,1.0618374400134445,42.0,1.8076922729289948,0.5994236242141369,1.0,1.8076923076923077,0.8076922921597637,2.1265489782325835,0.20551300048828125,0.1837175791845398,0.06249999804687507,0.9999999761904769,0.9941111088424557,1.0,SIMULATED_BLOCK
vpn_vpn_netflix_a.pcap::382926,vpn_vpn_netflix_a.pcap,iscx,1,29.0,1.0501160046010145,42.0,1.8076922729289948,0.5463768058532872,1.0,1.8076923076923077,0.8076922921597637,1.9967608446984078,0.2273882031440735,0.21376811586457678,0.034482757431629055,0.9999999761904769,0.9941132158435558,1.0,SIMULATED_BLOCK
vpn_vpn_netflix_a.pcap::382928,vpn_vpn_netflix_a.pcap,iscx,1,100.0,0.9503057326850545,1308.0,26.153845650887586,0.4233824316752025,0.1894353369763206,4.954462659380692,4.765027305045438,5.339758221834766,0.00043952465057373047,0.5656975399002746,0.0399999996,0.659785932217289,0.7700832319209643,0.7534246575342466,SIMULATED_BLOCK
vpn_vpn_netflix_a.pcap::382941,vpn_vpn_netflix_a.pcap,iscx,1,22.0,1.441905356925881,199.25,4.831730676312872,0.21926421340149665,0.697986577181208,3.37248322147651,2.674496608396019,4.379342438359508,0.01957106590270996,-0.6987290968964911,-0.09090908677685969,0.7741530701422682,0.9628911586894939,0.9739130434782609,SIMULATED_BLOCK
vpn_vpn_netflix_a.pcap::382942,vpn_vpn_netflix_a.pcap,iscx,1,4.0,0.07142857015306125,8.0,1.1538461316568052,0.9999999821428575,0.9285714285714286,1.0714285714285714,0.1428571403061225,1.3898534833086622,9.227751851081848,0.46428571221301024,0.49999987500003124,0.0,0.9916714630859551,1.0,SIMULATED_BLOCK
vpn_vpn_netflix_a.pcap::382944,vpn_vpn_netflix_a.pcap,iscx,1,29.0,1.0501160046010145,42.0,1.8076922729289948,0.5463768058532872,1.0,1.8076923076923077,0.8076922921597637,1.996902104122946,0.21684890985488892,0.21376811586457678,0.034482757431629055,0.9999999761904769,0.9941132158435558,1.0,SIMULATED_BLOCK
vpn_vpn_netflix_a.pcap::382950,vpn_vpn_netflix_a.pcap,iscx,1,100.0,0.7013634182336598,586.0,12.269230533284029,0.9689009277626902,0.1580547112462006,1.939209726443769,1.7811550097837234,1.4310467335763977,34.822348952293396,0.24007539167628475,-0.3399999966,0.054607508439236334,0.9763039197983974,0.992,SIMULATED_BLOCK
vpn_vpn_netflix_a.pcap::382951,vpn_vpn_netflix_a.pcap,iscx,1,100.0,0.9630564012854674,1308.0,26.153845650887586,0.09070569013317759,0.8666666666666667,22.666666666666668,21.799999636666673,5.6495776137996785,0.0001373291015625,-0.8798451956086376,0.0199999998,0.9877675833426852,0.9994015339943224,1.0,SIMULATED_BLOCK
vpn_vpn_netflix_a.pcap::382952,vpn_vpn_netflix_a.pcap,iscx,1,17.0,0.8683653450713961,1309.0,19.971014203318635,0.5486579936335266,0.1760204081632653,3.5153061224489797,3.339285705767128,1.0652675270002174,0.04001122713088989,0.07014655029885175,0.05882352595155729,0.5064935061065748,0.9709472663098547,0.9739130434782609,SIMULATED_BLOCK
vpn_vpn_netflix_a.pcap::382954,vpn_vpn_netflix_a.pcap,iscx,1,82.0,0.1325969532085277,0.0,0.9999999807692311,0.9699726843635669,1.0,1.0,0.0,1.028238429468947,44.78168487548828,0.023657870786247072,0.02439024360499703,0.0,0.9915233113227145,1.0,SIMULATED_BLOCK
vpn_vpn_netflix_a.pcap::382956,vpn_vpn_netflix_a.pcap,iscx,1,25.0,0.758097856863596,1304.0,18.62162136997809,1.193575257466581,0.0806979280261723,1.5027262813522355,1.4220283517753236,2.260507151154467,0.0010080337524414062,0.17103139479507307,0.03999999840000006,-0.2929447850514227,0.7932982850475326,0.7534246575342466,SIMULATED_BLOCK
vpn_vpn_netflix_a.pcap::382964,vpn_vpn_netflix_a.pcap,iscx,1,59.0,0.0,0.0,0.999999996124031,0.999999996124031,1.0,1.0,0.0,0.0002288198620375832,0.009719610214233398,0.9999999999343056,0.9999999830508478,0.0,0.012236787819059857,0.010526315789473684,PASS
vpn_vpn_netflix_a.pcap::382987,vpn_vpn_netflix_a.pcap,iscx,1,7.0,0.798113358674186,1026.0,10.544185948426177,1.294032021406067,0.12092238470191226,1.2750281214848145,1.1541057354846955,1.1904030612703467,0.15446394681930542,0.34081929708030373,0.1428571224489825,-0.5233918123553686,0.9920864213460867,1.0,SIMULATED_BLOCK
vpn_vpn_netflix_a.pcap::383031,vpn_vpn_netflix_a.pcap,iscx,1,9.0,1.1407226186445725,292.0,5.492307607810653,0.717682019202789,0.20186335403726707,1.108695652173913,0.9068322953203966,1.1432872963766212,0.18809658288955688,0.10004952944525768,0.11111109876543349,-0.7602739699990617,0.9794632410403012,0.992,SIMULATED_BLOCK
vpn_vpn_netflix_a.pcap::383038,vpn_vpn_netflix_a.pcap,iscx,1,18.0,0.7566888549189072,1310.0,20.264705584342565,1.3925783907252902,0.06017699115044248,1.2194690265486725,1.1592920343723079,1.0876347309768002,0.053164005279541016,-0.08681363822492033,0.0,-0.6213740453271953,0.9869822118254454,0.992,SIMULATED_BLOCK
vpn_vpn_netflix_a.pcap::383048,vpn_vpn_netflix_a.pcap,iscx,1,14.0,0.9116810141909168,1313.0,21.19999967384616,0.6125461245571275,0.1566265060240964,3.3204819277108433,3.163855414062999,1.3694084831106537,0.08934307098388672,0.024354243539867766,0.14285713265306196,0.466869763543892,0.8813662676770225,0.8983050847457628,SIMULATED_BLOCK
vpn_vpn_netflix_a.pcap::383061,vpn_vpn_netflix_a.pcap,iscx,1,3.0,0.6582284315566069,656.5,1.909909907262772,1.4654377864600094,0.5235849056603774,1.0,0.4764150939938932,0.9972553091976745,0.20523607730865479,0.023041474646210043,0.33333322222225925,-0.9999999984767708,0.9881904688979541,0.992,SIMULATED_BLOCK
vpn_vpn_netflix_a.pcap::383064,vpn_vpn_netflix_a.pcap,iscx,1,21.0,0.9193019155102231,684.0,10.63380266712954,0.847100981550205,0.16173120728929385,1.7198177676537585,1.5580865568152926,1.4793137871712534,0.21446043252944946,-0.388036386989981,0.04761904535147403,-0.07602339170172019,0.9805371138186729,0.992,SIMULATED_BLOCK
vpn_vpn_netflix_a.pcap::383077,vpn_vpn_netflix_a.pcap,iscx,1,11.0,1.2593866591218956,251.0,4.832060994930367,0.5374165858170681,0.3195121951219512,1.5439024390243903,1.2243902379298037,1.4327200393453765,0.16537123918533325,-0.01000953288607971,-0.09090908264462885,-0.11155378441612038,0.8556987297307017,0.8125,SIMULATED_BLOCK
vpn_vpn_netflix_a.pcap::383078,vpn_vpn_netflix_a.pcap,iscx,1,7.0,0.798202890399143,1026.0,10.544185948426177,1.2928452560212318,0.12105855855855856,1.2764639639639639,1.1554054041042732,1.1628054346533063,0.15668213367462158,0.3406821962685769,0.1428571224489825,-0.521442494618477,0.9911231473226291,1.0,SIMULATED_BLOCK
vpn_vpn_netflix_a.pcap::383083,vpn_vpn_netflix_a.pcap,iscx,1,7.0,1.0716451855061258,801.0,13.04511258578778,0.6230366480128805,0.20588235294117646,2.6857585139318885,2.479876153313077,1.186662766664962,0.15469825267791748,0.029484706522599973,0.1428571224489825,0.3595505613488757,0.995437360543211,1.0,SIMULATED_BLOCK
vpn_vpn_netflix_a.pcap::383090,vpn_vpn_netflix_a.pcap,iscx,1,100.0,0.8559716378712972,1308.0,26.153845650887586,1.1139515371102522,0.06415792720542875,1.6779765576804442,1.6138186284838758,4.680336948249549,0.00109100341796875,0.5115655795089052,0.1599999984,-0.15978593259955204,0.8653582804459435,0.8125,SIMULATED_BLOCK
vpn_vpn_skype_chat1a.pcap::384781,vpn_vpn_skype_chat1a.pcap,iscx,1,84.0,0.9713071419918534,27.0,1.6749999581250012,0.7473784456975231,0.7142857142857143,1.1964285714285714,0.4821428485331634,6.936151968548182,0.08377134799957275,0.0756275818119435,-0.1428571411564626,-0.18518517832647488,0.4388333948897767,0.425,SIMULATED_BLOCK
vpn_vpn_skype_chat1a.pcap::384783,vpn_vpn_skype_chat1a.pcap,iscx,1,28.0,0.34270198636705906,18.75,1.360576896911983,0.8670581824465409,0.896551724137931,1.2198275862068966,0.3232758564952439,2.049158280493322,0.2889288663864136,0.1436198611085852,0.14285713775510223,0.359999980800001,0.9542407338945492,0.9739130434782609,SIMULATED_BLOCK
vpn_vpn_skype_chat1a.pcap::384784,vpn_vpn_skype_chat1a.pcap,iscx,1,20.0,0.3345627963419688,21.25,1.4086538190643496,0.8791208662399873,0.8666666666666667,1.2208333333333334,0.35416666076388903,2.728991138346131,0.28347551822662354,0.15897435885789424,0.1999999900000005,0.2470588119031147,0.9880123399069476,0.992,SIMULATED_BLOCK
vpn_vpn_skype_chat1a.pcap::384785,vpn_vpn_skype_chat1a.pcap,iscx,1,17.0,0.3186266537771803,31.0,1.5961538154585806,0.8186195714955596,0.8666666666666667,1.3833333333333333,0.5166666580555557,2.2130696246453088,0.2695905566215515,0.1524879613543435,0.17647057785467188,0.4838709521331951,0.9694009618845866,0.9739130434782609,SIMULATED_BLOCK
vpn_vpn_skype_chat1a.pcap::384791,vpn_vpn_skype_chat1a.pcap,iscx,1,25.0,1.089561219178426,1308.0,26.153845650887586,0.21407646620957624,0.45614035087719296,11.929824561403509,11.473684109879963,1.8839591698470297,0.012246251106262207,-0.8075565236379811,-0.03999999840000006,0.9051987760663617,0.9643349271297087,0.9739130434782609,SIMULATED_BLOCK
vpn_vpn_skype_chat1a.pcap::384794,vpn_vpn_skype_chat1a.pcap,iscx,1,100.0,0.9717607000299158,81.5,2.5673076429363917,0.7310165283908717,0.5445026178010471,1.3979057591623036,0.8534031324250981,4.286514378595888,0.27239954471588135,-0.15125535822479674,0.099999999,-0.06748466174865446,0.9473785723815213,0.9739130434782609,SIMULATED_BLOCK
vpn_vpn_skype_chat1a.pcap::384795,vpn_vpn_skype_chat1a.pcap,iscx,1,100.0,0.2441881100061291,21.0,1.524999961875001,0.8453085197525673,1.0,1.525,0.5249999868750004,4.702329994548775,0.1476379632949829,0.03000845307903456,-0.1399999986,0.9999999523809546,0.7979365538022414,0.7534246575342466,SIMULATED_BLOCK
vpn_vpn_skype_chat1a.pcap::384796,vpn_vpn_skype_chat1a.pcap,iscx,1,7.0,0.04510548895820404,5.0,1.0961538250739649,1.039062481058757,0.9122807017543859,1.0,0.08771929670667901,2.23333126512475,0.2757589817047119,0.1354166663140191,0.1428571224489825,-0.99999980000004,0.9571398047555875,0.9739130434782609,SIMULATED_BLOCK
vpn_vpn_skype_chat1a.pcap::384797,vpn_vpn_skype_chat1a.pcap,iscx,1,100.0,1.2034554106181847,4.0,1.076923056213018,0.48855513897986846,0.9629629629629629,1.037037037037037,0.07407407270233199,2.344231120528941,0.30931544303894043,0.3831538948355058,0.05999999940000001,0.0,0.9486225299158061,0.9739130434782609,SIMULATED_BLOCK
vpn_vpn_skype_chat1a.pcap::384798,vpn_vpn_skype_chat1a.pcap,iscx,1,100.0,1.0538865820987298,653.0,13.55769204696746,0.5218281019037241,0.33986928104575165,4.607843137254902,4.267973828313897,3.1737078731500654,0.4262758493423462,0.433969986342634,0.099999999,0.6906584981766333,0.9718617743603236,0.9739130434782609,SIMULATED_BLOCK
vpn_vpn_skype_chat1a.pcap::384800,vpn_vpn_skype_chat1a.pcap,iscx,1,8.0,1.6668814063272055,28.25,1.5765305800708045,0.36664162063626377,0.8032786885245902,1.2663934426229508,0.4631147465063157,1.5750518807099594,0.19306457042694092,-0.6363636358855269,0.0,0.15044247255070894,0.9423418759564447,0.9739130434782609,SIMULATED_BLOCK
vpn_vpn_skype_chat1a.pcap::384801,vpn_vpn_skype_chat1a.pcap,iscx,1,6.0,1.5873285293920862,17.0,1.3285023897873935,0.3086003357069123,0.8483606557377049,1.1270491803278688,0.2786885200214997,0.8414025940523778,0.2246558666229248,-0.6745362557550284,0.0,-0.08823528892733594,0.9424331964792068,0.9739130434782609,SIMULATED_BLOCK
vpn_vpn_skype_chat1a.pcap::384802,vpn_vpn_skype_chat1a.pcap,iscx,1,6.0,1.54705356912649,12.0,1.1983470876306268,0.3297520644805683,0.9097744360902256,1.0902255639097744,0.18045112510599812,0.5956736719477059,0.15034723281860352,-0.6809917349743869,0.0,0.0,0.918980954404904,0.8983050847457628,SIMULATED_BLOCK
vpn_vpn_skype_chat1a.pcap::384803,vpn_vpn_skype_chat1a.pcap,iscx,1,6.0,1.5873285293920862,17.0,1.3285023897873935,0.3086003357069123,0.8483606557377049,1.1270491803278688,0.2786885200214997,1.2083765939004338,0.38732004165649414,-0.6745362557550284,0.0,-0.08823528892733594,0.9618845587043549,0.9739130434782609,SIMULATED_BLOCK
vpn_vpn_skype_chat1a.pcap::384804,vpn_vpn_skype_chat1a.pcap,iscx,1,4.0,1.2350167188630576,181.75,4.02916659951389,0.34559643101183307,0.7741935483870968,3.1193548387096772,2.3451612600624356,1.391378513850261,20.55617344379425,-0.6544035667174988,0.0,0.8074277809770136,0.8552060313822512,0.8125,SIMULATED_BLOCK
vpn_vpn_skype_chat1a.pcap::384806,vpn_vpn_skype_chat1a.pcap,iscx,1,4.0,0.16613019862854264,15.5,1.3179486909138731,0.9652173745179587,0.8783783783783784,1.1576576576576576,0.2792792742472203,0.2633143994294014,0.06601107120513916,0.1565217384499055,0.0,0.12903224973985486,0.9899670823832261,1.0,SIMULATED_BLOCK
vpn_vpn_skype_chat1a.pcap::384808,vpn_vpn_skype_chat1a.pcap,iscx,1,4.0,1.3704808380739153,215.0,4.822222136493829,0.2288930573024651,0.9221311475409836,4.44672131147541,3.524590106154261,0.6196445989907754,0.05739748477935791,-0.7711069411152842,0.0,0.9558139490427259,0.78856175266563,0.7534246575342466,SIMULATED_BLOCK
vpn_vpn_skype_chat1a.pcap::384810,vpn_vpn_skype_chat1a.pcap,iscx,1,4.0,0.16613019862854264,15.5,1.3179486909138731,0.9652173745179587,0.8783783783783784,1.1576576576576576,0.2792792742472203,0.6958106493666953,0.11123859882354736,0.1565217384499055,0.0,0.12903224973985486,0.9499479056927574,0.9739130434782609,SIMULATED_BLOCK
nonvpn_skype-chat_capture11.pcap::15446,nonvpn_skype-chat_capture11.pcap,vnat,0,100.0,0.6967290303363246,236.5,6.912499827187505,0.944164864873401,0.20304568527918782,1.4035532994923858,1.2005076081192507,1.9138464339742005,0.3569430112838745,0.018547807331965118,0.0199999998,-0.32769555886809487,0.04953846963362617,0.03666666666666667,FLAG_REVIEW
nonvpn_skype-chat_capture11.pcap::15447,nonvpn_skype-chat_capture11.pcap,vnat,0,24.0,1.2806884615898273,197.25,3.0335051233659267,0.5002171063822246,0.6736111111111112,2.0434027777777777,1.3697916571542246,4.687127689554422,0.0003191232681274414,0.3912288319016893,0.1666666597222225,0.5234473991206723,0.0015373779577906286,0.0,PASS
nonvpn_skype-chat_capture11.pcap::15450,nonvpn_skype-chat_capture11.pcap,vnat,0,10.0,1.8289650960393287,100.5,3.5124999121875025,0.21227503363047978,0.8695652173913043,3.0543478260869565,2.1847825612003793,1.53162431314997,0.00034308433532714844,-0.5136132900260206,0.19999998000000202,0.8805970061632139,0.0031454809791486666,0.0,PASS
nonvpn_skype-chat_capture11.pcap::15451,nonvpn_skype-chat_capture11.pcap,vnat,0,16.0,1.4370902197417774,232.0,6.799999830000004,0.2284801270909363,0.5594405594405595,3.804195804195804,3.2447551993740533,1.6459735471794026,0.0016224384307861328,-0.6137407628093188,0.12499999218750048,0.7284482727222057,0.005682715977312318,0.001869158878504673,PASS
nonvpn_skype-chat_capture11.pcap::15452,nonvpn_skype-chat_capture11.pcap,vnat,0,10.0,1.8231832949754463,100.5,3.5124999121875025,0.21149425190117585,0.8695652173913043,3.0543478260869565,2.1847825612003793,1.5340182778971505,0.0004870891571044922,-0.50804597677791,0.19999998000000202,0.8805970061632139,0.0032560834548041083,0.0,PASS
nonvpn_skype-chat_capture11.pcap::15453,nonvpn_skype-chat_capture11.pcap,vnat,0,16.0,1.4323819900191344,234.0,6.849999828750005,0.22775233851402799,0.5594405594405595,3.832167832167832,3.272727226954864,1.6990031477935936,0.0013680458068847656,-0.608600437864105,0.12499999218750048,0.7307692276462854,0.004733989209231955,0.001869158878504673,PASS
nonvpn_skype-chat_capture11.pcap::15454,nonvpn_skype-chat_capture11.pcap,vnat,0,16.0,1.320689806256104,474.25,12.856249678593759,0.203413939677343,0.5594405594405595,7.1923076923076925,6.632867040099762,1.7113099570197388,0.0007718801498413086,-0.6298008533730795,0.12499999218750048,0.8671586697582316,0.0012922604244170713,0.0,PASS
nonvpn_skype-chat_capture11.pcap::15455,nonvpn_skype-chat_capture11.pcap,vnat,0,16.0,1.320689806256104,474.25,12.856249678593759,0.203413939677343,0.5594405594405595,7.1923076923076925,6.632867040099762,0.7673207915238129,0.0008015632629394531,-0.6298008533730795,0.12499999218750048,0.8671586697582316,0.00017454926200084292,0.0,PASS
nonvpn_skype-chat_capture11.pcap::15456,nonvpn_skype-chat_capture11.pcap,vnat,0,27.0,1.0553778150561182,1338.0,34.44999913875002,0.2319767437814359,0.3007518796992481,10.360902255639099,10.060150300299622,3.660146961134359,0.0007029175758361816,-0.15103359172150946,0.11111110699588492,0.860986546441714,0.0047686188521067685,0.001869158878504673,PASS
nonvpn_skype-chat_capture11.pcap::15457,nonvpn_skype-chat_capture11.pcap,vnat,0,16.0,1.320689806256104,474.25,12.856249678593759,0.203413939677343,0.5594405594405595,7.1923076923076925,6.632867040099762,1.1875576444727034,0.0005755424499511719,-0.6298008533730795,0.12499999218750048,0.8671586697582316,0.0006523659940751606,0.0,PASS
nonvpn_skype-chat_capture11.pcap::15458,nonvpn_skype-chat_capture11.pcap,vnat,0,16.0,1.320689806256104,474.25,12.856249678593759,0.203413939677343,0.5594405594405595,7.1923076923076925,6.632867040099762,0.8905487643705128,0.0005954504013061523,-0.6298008533730795,0.12499999218750048,0.8671586697582316,0.0003429329984896099,0.0,PASS
nonvpn_skype-chat_capture11.pcap::15459,nonvpn_skype-chat_capture11.pcap,vnat,0,21.0,1.1950793397486816,1276.0,32.89999917750002,0.18643902400827128,0.43956043956043955,14.461538461538462,14.021977867890353,1.5406271643781662,0.0007151961326599121,-0.012292682925629982,0.14285713605442207,0.9200626952037125,2.8732412726335183e-05,0.0,PASS
nonvpn_skype-chat_capture11.pcap::15460,nonvpn_skype-chat_capture11.pcap,vnat,0,21.0,1.1950793397486816,1276.0,32.89999917750002,0.18643902400827128,0.43956043956043955,14.461538461538462,14.021977867890353,1.5606737614805741,0.0006719827651977539,-0.012292682925629982,0.14285713605442207,0.9200626952037125,4.70365280772455e-05,0.0,PASS
nonvpn_skype-chat_capture11.pcap::15461,nonvpn_skype-chat_capture11.pcap,vnat,0,16.0,1.2096560178209093,944.25,24.606249384843768,0.24098977893278153,0.35714285714285715,8.787946428571429,8.43080349615354,1.6751999241867086,0.0009064674377441406,0.33996772453739,0.24999998437500096,0.8474980133995256,0.0007785030923778253,0.0,PASS
nonvpn_skype-chat_capture11.pcap::15462,nonvpn_skype-chat_capture11.pcap,vnat,0,21.0,1.1950793397486816,1276.0,32.89999917750002,0.18643902400827128,0.43956043956043955,14.461538461538462,14.021977867890353,1.7045534642601219,0.0007525086402893066,-0.012292682925629982,0.14285713605442207,0.9200626952037125,3.126378380026007e-05,0.0,PASS
nonvpn_skype-chat_capture11.pcap::15463,nonvpn_skype-chat_capture11.pcap,vnat,0,12.0,0.7761452950384542,121.0,4.024999899375003,0.4964028723409762,0.8695652173913043,3.5,2.6304347254253324,3.1483403811059216,0.00020122528076171875,0.11510791356555043,0.16666665277777895,0.9008264388361451,0.00782893988459306,0.00510204081632653,PASS
nonvpn_skype-chat_capture11.pcap::15464,nonvpn_skype-chat_capture11.pcap,vnat,0,20.0,1.285073101842566,268.0,7.699999807500006,0.6553740647091185,0.24615384615384617,1.8953846153846154,1.6492307590816568,4.235580651574571,0.0004050731658935547,0.38777979423517245,0.09999999500000024,0.08582089520216084,0.012003194669433802,0.010526315789473684,PASS
nonvpn_skype-chat_capture11.pcap::15465,nonvpn_skype-chat_capture11.pcap,vnat,0,21.0,1.1798811552464874,609.0,16.22499959437501,0.4490326949395082,0.21164021164021163,3.433862433862434,3.2222222051734275,2.8977863754016266,0.0023442506790161133,-0.17750876794009404,0.14285713605442207,0.510673233972622,0.001114018662467261,0.0,PASS
nonvpn_skype-chat_capture11.pcap::15467,nonvpn_skype-chat_capture11.pcap,vnat,0,15.0,1.463363811212708,180.5,5.512499862187504,0.3533919939537667,0.4819277108433735,2.6566265060240966,2.174698768979533,3.1435372742973464,0.0004590153694152832,0.5532216859059831,0.19999998666666757,0.523545703470661,0.017023422689114203,0.010526315789473684,PASS
nonvpn_skype-chat_capture11.pcap::15468,nonvpn_skype-chat_capture11.pcap,vnat,0,100.0,0.9699148035254758,210.0,2.4189189025748723,0.5857113648923539,0.8604651162790697,2.0813953488372094,1.220930225459708,0.8633503687784202,0.00025403499603271484,-0.06047810392765517,0.0199999998,0.771428567755102,0.006012178353269092,0.00510204081632653,PASS
nonvpn_skype-chat_capture11.pcap::15469,nonvpn_skype-chat_capture11.pcap,vnat,0,24.0,1.2806884615898273,197.25,3.0335051233659267,0.5002171063822246,0.6736111111111112,2.0434027777777777,1.3697916571542246,4.687371870113009,0.0003091096878051758,0.3912288319016893,0.1666666597222225,0.5234473991206723,0.0015373779577906286,0.0,PASS
nonvpn_skype-chat_capture11.pcap::15472,nonvpn_skype-chat_capture11.pcap,vnat,0,24.0,1.2808688883307118,197.0,3.030927803804868,0.5002895176596774,0.6736111111111112,2.0416666666666665,1.3680555460551698,4.687280936686157,0.0002989768981933594,0.3914302257684669,0.1666666597222225,0.5228426369398851,0.0016815097992913747,0.0,PASS
nonvpn_skype-chat_capture11.pcap::15474,nonvpn_skype-chat_capture11.pcap,vnat,0,40.0,0.9277145649170815,1338.0,34.44999913875002,0.6603460351048128,0.0893854748603352,3.0793296089385476,2.989944127396773,4.524542019418745,0.0003886222839355469,-0.8676356660321085,-0.1499999962500001,0.390881913011299,0.015068672853076583,0.010526315789473684,PASS
nonvpn_skype-chat_capture11.pcap::15475,nonvpn_skype-chat_capture11.pcap,vnat,0,20.0,1.2442716945719652,844.25,22.106249447343764,0.16929087209828134,0.5594405594405595,12.367132867132867,11.80769214254976,4.23329255077965,0.0010834932327270508,0.17793299394128886,0.1999999900000005,0.9253775529459549,0.0002225017283430171,0.0,PASS
nonvpn_skype-chat_capture11.pcap::15476,nonvpn_skype-chat_capture11.pcap,vnat,0,25.0,1.3112696197912577,240.0,5.615384507396452,0.4461073519711205,0.41935483870967744,2.3548387096774195,1.9354838553590012,4.792640898266257,0.0003542900085449219,0.38322060722647566,0.11999999520000018,0.39999999833333333,0.013428786629025294,0.010526315789473684,PASS
nonvpn_skype-chat_capture12.pcap::27353,nonvpn_skype-chat_capture12.pcap,vnat,0,100.0,0.7069036420126952,237.25,6.931249826718755,0.9238086484779628,0.19801980198019803,1.3725247524752475,1.1745049446806686,1.9577128407710278,0.3695269823074341,0.0018293240646744112,0.0,-0.3656480490383644,0.0739200469753191,0.04477611940298507,FLAG_REVIEW
nonvpn_skype-chat_capture12.pcap::27354,nonvpn_skype-chat_capture12.pcap,vnat,0,24.0,1.2806884615898273,197.25,3.0335051233659267,0.5002171063822246,0.6736111111111112,2.0434027777777777,1.3697916571542246,4.687354885674592,0.00030303001403808594,0.3912288319016893,0.1666666597222225,0.5234473991206723,0.0016815097992913747,0.0,PASS
nonvpn_skype-chat_capture12.pcap::27356,nonvpn_skype-chat_capture12.pcap,vnat,0,25.0,1.3112696197912577,240.0,5.615384507396452,0.4461073519711205,0.41935483870967744,2.3548387096774195,1.9354838553590012,4.74142929428635,0.000383913516998291,0.3947330550590397,0.19999999200000032,0.39999999833333333,0.00786797653830963,0.00510204081632653,PASS
nonvpn_skype-chat_capture12.pcap::27358,nonvpn_skype-chat_capture12.pcap,vnat,0,8.0,1.0292849298609295,73.0,2.824999929375002,0.42494225935388213,0.8695652173913043,2.4565217391304346,1.5869564872400765,1.0930987727691692,0.0003031492233276367,-0.011547344097520389,0.0,0.835616426909364,0.008240925978284944,0.00510204081632653,PASS
nonvpn_skype-chat_capture12.pcap::27359,nonvpn_skype-chat_capture12.pcap,vnat,0,10.0,1.6415108566356065,255.0,7.374999815625005,0.18852458939129266,0.8695652173913043,6.413043478260869,5.543478140359171,1.610149918472453,0.00025582313537597656,-0.5508196719054018,0.0,0.952941172733564,0.002836423644330639,0.0,PASS
nonvpn_skype-chat_capture12.pcap::27360,nonvpn_skype-chat_capture12.pcap,vnat,0,12.0,1.6519616365775835,177.25,5.431249864218754,0.15553677039548006,0.8695652173913043,4.7228260869565215,3.8532607857986787,1.2153763487981037,0.0001379251480102539,-0.00817131586132113,0.0,0.9322990074341382,0.006938736674843841,0.00510204081632653,PASS
nonvpn_skype-chat_capture12.pcap::27363,nonvpn_skype-chat_capture12.pcap,vnat,0,15.0,0.802214721256999,164.0,5.099999872500003,0.4676258950753067,0.7692307692307693,3.923076923076923,3.1538460931952677,3.5682939679727976,0.03068763017654419,0.040767386066686215,0.19999998666666757,0.8536585313801309,0.01355500560796343,0.010526315789473684,PASS
nonvpn_skype-chat_capture12.pcap::27364,nonvpn_skype-chat_capture12.pcap,vnat,0,20.0,1.2896846194570741,256.0,7.3999998150000055,0.6615102761591277,0.24615384615384617,1.8215384615384616,1.575384605689941,4.236777220950264,0.00037801265716552734,0.38856096063737816,0.09999999500000024,0.04296874983215332,0.007603389985144259,0.00510204081632653,PASS
nonvpn_skype-chat_capture12.pcap::27365,nonvpn_skype-chat_capture12.pcap,vnat,0,12.0,1.545214421514988,154.75,4.868749878281253,0.18730912716399406,0.8695652173913043,4.233695652173913,3.36413036164934,3.152210360152753,0.00038695335388183594,0.0580251102619528,0.16666665277777895,0.9224555675447136,0.0011311457277776707,0.0,PASS
nonvpn_skype-chat_capture12.pcap::27366,nonvpn_skype-chat_capture12.pcap,vnat,0,22.0,1.3034022282738267,490.25,13.256249668593759,0.25381306145432314,0.4519774011299435,5.991525423728813,5.539547960005108,2.8682337406095555,0.0014159679412841797,-0.05305696779389167,0.09090908677685969,0.8021417627697262,0.007911257494972169,0.00510204081632653,PASS
nonvpn_skype-chat_capture12.pcap::27368,nonvpn_skype-chat_capture12.pcap,vnat,0,16.0,1.5087942575358249,178.25,5.4562498635937535,0.3022670011653311,0.5925925925925926,3.2333333333333334,2.640740701618656,3.213870780260596,0.00042808055877685547,0.5370836830290838,0.12499999218750048,0.6914445964014329,0.0015510238434926148,0.0,PASS
nonvpn_skype-chat_capture12.pcap::27370,nonvpn_skype-chat_capture12.pcap,vnat,0,24.0,1.2806884615898273,197.25,3.0335051233659267,0.5002171063822246,0.6736111111111112,2.0434027777777777,1.3697916571542246,4.68596952257809,0.00027692317962646484,0.3912288319016893,0.1666666597222225,0.5234473991206723,0.0016815097992913747,0.0,PASS
nonvpn_skype-chat_capture12.pcap::27371,nonvpn_skype-chat_capture12.pcap,vnat,0,12.0,1.5071046972797053,348.0,9.699999757500006,0.14190231318693372,0.8695652173913043,8.434782608695652,7.565217226843104,1.7878086618014088,0.0001785755157470703,0.007197943442879706,0.0,0.9655172386048355,0.0009552499149864188,0.0,PASS
nonvpn_skype-chat_capture12.pcap::27373,nonvpn_skype-chat_capture12.pcap,vnat,0,12.0,0.7761452950384542,121.0,4.024999899375003,0.4964028723409762,0.8695652173913043,3.5,2.6304347254253324,3.152330024849676,0.0002105236053466797,0.11510791356555043,0.16666665277777895,0.9008264388361451,0.008228707009633743,0.00510204081632653,PASS
nonvpn_skype-chat_capture12.pcap::27374,nonvpn_skype-chat_capture12.pcap,vnat,0,20.0,1.285073101842566,268.0,7.699999807500006,0.6553740647091185,0.24615384615384617,1.8953846153846154,1.6492307590816568,4.236070664827488,0.0002900362014770508,0.38777979423517245,0.09999999500000024,0.08582089520216084,0.010193123006741538,0.00510204081632653,PASS
nonvpn_skype-chat_capture12.pcap::27375,nonvpn_skype-chat_capture12.pcap,vnat,0,8.0,1.0292849298609295,73.0,2.824999929375002,0.42494225935388213,0.8695652173913043,2.4565217391304346,1.5869564872400765,0.9412244485433936,0.0002371072769165039,-0.011547344097520389,0.0,0.835616426909364,0.015216281885828574,0.010526315789473684,PASS
nonvpn_skype-chat_capture12.pcap::27376,nonvpn_skype-chat_capture12.pcap,vnat,0,10.0,1.6415108566356065,255.0,7.374999815625005,0.18852458939129266,0.8695652173913043,6.413043478260869,5.543478140359171,1.3201292786635455,0.0002491474151611328,-0.5508196719054018,0.0,0.952941172733564,0.0031875419973240123,0.0,PASS
nonvpn_skype-chat_capture12.pcap::27377,nonvpn_skype-chat_capture12.pcap,vnat,0,12.0,1.4847499305924043,386.5,10.662499733437507,0.13953488329766972,0.8695652173913043,9.271739130434783,8.402173730387528,1.7483910220529746,0.00013959407806396484,0.0015166835183223753,0.0,0.9689521320337591,0.019822319296017188,0.010526315789473684,PASS
nonvpn_skype-chat_capture12.pcap::27378,nonvpn_skype-chat_capture12.pcap,vnat,0,20.0,1.1395420993524115,612.25,16.30624959234376,0.4659620400819138,0.1951219512195122,3.1817073170731707,2.9865853512849494,3.4881887715220867,0.0009263753890991211,-0.18286168880749384,0.09999999500000024,0.4610044908762687,0.0060267565174597785,0.00510204081632653,PASS
nonvpn_skype-chat_capture12.pcap::27379,nonvpn_skype-chat_capture12.pcap,vnat,0,12.0,1.5279114290073699,314.75,8.868749778281256,0.144012522377211,0.8695652173913043,7.711956521739131,6.842391155600192,1.2311210554181975,0.0004570484161376953,0.012261935817307086,0.0,0.9618745005182701,0.0007951125204231021,0.0,PASS
nonvpn_skype-chat_capture12.pcap::27380,nonvpn_skype-chat_capture12.pcap,vnat,0,15.0,1.463363811212708,180.5,5.512499862187504,0.3533919939537667,0.4819277108433735,2.6566265060240966,2.174698768979533,3.138997480855037,0.0006247162818908691,0.5532216859059831,0.19999998666666757,0.523545703470661,0.016602669995181313,0.010526315789473684,PASS
nonvpn_skype-chat_capture12.pcap::27381,nonvpn_skype-chat_capture12.pcap,vnat,0,100.0,0.9699148035254758,210.0,2.4189189025748723,0.5857113648923539,0.8604651162790697,2.0813953488372094,1.220930225459708,1.617628579050947,0.00025010108947753906,-0.06047810392765517,0.0199999998,0.771428567755102,0.014519245972392542,0.010526315789473684,PASS
nonvpn_skype-chat_capture12.pcap::27382,nonvpn_skype-chat_capture12.pcap,vnat,0,12.0,1.4900491002274932,374.5,10.362499740937507,0.14010152241593446,0.8695652173913043,9.01086956521739,8.141304170841215,1.45822730324553,0.00016045570373535156,0.0055837563437604685,0.0,0.9679572737838257,0.002674294212572717,0.0,PASS
nonvpn_skype-chat_capture12.pcap::27383,nonvpn_skype-chat_capture12.pcap,vnat,0,12.0,1.6519616365775835,177.25,5.431249864218754,0.15553677039548006,0.8695652173913043,4.7228260869565215,3.8532607857986787,1.0193320331598816,0.00014400482177734375,-0.00817131586132113,0.0,0.9322990074341382,0.0068264411610550885,0.00510204081632653,PASS
nonvpn_skype-chat_capture12.pcap::27384,nonvpn_skype-chat_capture12.pcap,vnat,0,27.0,1.1501173947609225,443.5,9.528845970599116,0.5588099403965751,0.23214285714285715,2.2120535714285716,1.9799107054468272,4.102733400994725,0.0003260374069213867,-0.30093319779165356,0.037037035665294975,0.22435174695749324,0.0015405572015359452,0.0,PASS
nonvpn_skype-chat_capture12.pcap::27385,nonvpn_skype-chat_capture12.pcap,vnat,0,74.0,0.7761559408364165,1338.0,34.44999913875002,1.6738124138429118,0.02902757619738752,1.0,0.970972423097988,4.827837111528255,5.4836273193359375e-05,-0.8581464823732289,-0.24324323995617245,-0.9999999992526157,0.1752691207267845,0.35537190082644626,FLAG_REVIEW
nonvpn_skype-chat_capture12.pcap::27386,nonvpn_skype-chat_capture12.pcap,vnat,0,8.0,1.0292849298609295,73.0,2.824999929375002,0.42494225935388213,0.8695652173913043,2.4565217391304346,1.5869564872400765,0.8077369346857345,0.0002827644348144531,-0.011547344097520389,0.0,0.835616426909364,0.017712164467834444,0.010526315789473684,PASS
nonvpn_skype-chat_capture12.pcap::27387,nonvpn_skype-chat_capture12.pcap,vnat,0,10.0,1.6415108566356065,255.0,7.374999815625005,0.18852458939129266,0.8695652173913043,6.413043478260869,5.543478140359171,1.1851192270343034,0.00026297569274902344,-0.5508196719054018,0.0,0.952941172733564,0.0036434716118936544,0.001869158878504673,PASS
nonvpn_skype-chat_capture12.pcap::27388,nonvpn_skype-chat_capture12.pcap,vnat,0,12.0,1.5518089984671835,285.25,8.131249796718755,0.1463802700194741,0.8695652173913043,7.070652173913044,6.201086821715505,1.5493996736225344,0.0001494884490966797,0.010872447623741064,0.0,0.9579316355550161,0.0038051312752402557,0.001869158878504673,PASS
non_streaming_2700,non_streaming__chunk_0027,usbvpn,0,28.0,1.6677327314958152,134.0,3.576923008136096,0.23899663143747468,0.7074829835716601,2.530612210467861,1.8231292268962012,3.698793434997758,0.003426074981689453,-0.5522006734929508,0.14285713775510223,0.6791044725439965,0.0007757998330450933,0.0,PASS
non_streaming_2701,non_streaming__chunk_0027,usbvpn,0,21.0,1.011751926079299,1209.0,18.521738862003787,0.19895868861572785,0.6216216160214268,11.513513409788168,10.89189179376674,3.049625452014232,0.002640068531036377,-0.43735063157755627,0.14285713605442207,0.9305210910417525,0.0020551583446567915,0.0,PASS
non_streaming_2702,non_streaming__chunk_0027,usbvpn,0,32.0,1.5297723720751752,128.5,3.471153779400889,0.26289220940190533,0.6265060165481203,2.174698768979533,1.5481927524314127,3.2250104139611335,0.003554105758666992,0.5338018409844797,-0.06249999804687507,0.5175097235991462,0.00414855410612608,0.001869158878504673,PASS
non_streaming_2703,non_streaming__chunk_0027,usbvpn,0,106.0,1.050177277808487,1217.0,20.950819328675095,0.22107458497312038,0.4841269802847065,10.142857062358278,9.658730082073571,2.5789721903387655,0.0024008750915527344,-0.7952461349886575,-0.1509433948024208,0.8931799499645192,0.0005046435084444569,0.0,PASS
non_streaming_2705,non_streaming__chunk_0027,usbvpn,0,30.0,1.502441161984114,259.75,5.99519219240015,0.21897810139059087,0.8666666522222225,5.195833246736113,4.32916659451389,2.8124191505170555,0.0018470287322998047,-0.4968369829079273,0.0,0.9384023063006649,0.0001910958873751107,0.0,PASS
non_streaming_2706,non_streaming__chunk_0027,usbvpn,0,24.0,1.6005253019208054,205.25,4.947115289478552,0.19988102248703976,0.9285714119897962,4.5937499179687515,3.6651785059789552,1.6487018568157665,0.0010219812393188477,-0.6487209993086376,0.0,0.9610231378269275,0.001555670053387868,0.0,PASS
non_streaming_2707,non_streaming__chunk_0027,usbvpn,0,795.0,1.027222379961797,1394.0,22.781249644042976,0.9920880137452263,0.04389574756934448,0.9999999993141289,0.9561042517447844,14.594479874912828,0.00020557641983032227,0.9656833459713703,0.29811320717218465,-0.9999999992826398,1.028865597635893e-05,0.0,PASS
non_streaming_2708,non_streaming__chunk_0027,usbvpn,0,68.0,0.9492482186970249,1418.0,36.449999088750026,1.3621675080700788,0.0274348422308403,0.9999999993141289,0.9725651570832886,3.3579347421838674,0.00027000904083251953,-0.9390250604399454,-0.2941176427335641,-0.9999999992947813,2.20461109799841e-05,0.0,PASS
non_streaming_2709,non_streaming__chunk_0027,usbvpn,0,14.0,1.445653513395934,419.25,9.062499825721158,0.14729339859797935,0.8387096638917797,7.600806329019253,6.762096665127474,1.5942722325523973,0.008542060852050781,-0.6338028167938566,0.14285713265306196,0.9522957639778277,0.0001850657990697192,0.0,PASS
non_streaming_2710,non_streaming__chunk_0027,usbvpn,0,26.0,1.3429749301753187,524.5,11.086538248335803,0.1810584952753574,0.8666666522222225,9.608333173194447,8.741666520972226,1.469205642470653,0.0073699951171875,-0.3509749303213817,0.0,0.969494755062927,0.00014080150786779813,0.0,PASS
non_streaming_2713,non_streaming__chunk_0027,usbvpn,0,16.0,1.620063660539675,594.0,15.84999960375001,0.134446299148454,0.5298013174860753,8.397350882154294,7.867549564668218,1.394585426690839,0.018841028213500977,-0.5979966610352814,0.24999998437500096,0.8804713789891054,0.003927401942355866,0.001869158878504673,PASS
non_streaming_2714,non_streaming__chunk_0027,usbvpn,0,35.0,1.1500887325015305,1418.0,36.449999088750026,0.2862098868369328,0.20202020099989798,7.363636326446281,7.1616161254463835,4.753817088105128,0.002076089382171631,0.312683269305221,0.3142857053061227,0.7771509162361417,8.87848083670791e-05,0.0,PASS
non_streaming_2716,non_streaming__chunk_0027,usbvpn,0,2123.0,0.22710628477114897,0.0,0.9999999978448276,0.9550824102892768,0.9999999978448276,0.9999999978448276,0.0,16.242648770277185,3.695487976074219e-05,0.9999999999990304,0.9999999995289685,0.0,6.328014082502465e-06,0.0,PASS
non_streaming_2717,non_streaming__chunk_0027,usbvpn,0,317.0,0.9899672204518891,1420.0,36.49999908750002,1.1691714169665044,0.038314176208511325,1.3984674316106633,1.3601532554021518,2.6285060862659244,0.020774900913238525,-0.9362118546433777,-0.1293375390241718,-0.4140845067506447,0.0002725735811074611,0.0,PASS
non_streaming_2718,non_streaming__chunk_0027,usbvpn,0,5482.0,0.43346253080078084,0.0,0.9999999993306559,1.0725619860129043,0.9999999993306559,0.9999999993306559,0.0,18.138970243426424,1.3113021850585938e-05,-0.9765377867509073,-0.7676030644349502,0.0,8.438378255854718e-06,0.0,PASS
non_streaming_2721,non_streaming__chunk_0027,usbvpn,0,20.0,1.999537154019967,104.5,3.009615326738167,0.1485332339434751,0.8666666522222225,2.608333289861112,1.7416666376388894,1.8294377506896502,0.0023555755615234375,-0.6427775714020575,0.1999999900000005,0.8468899440489001,3.4002405791474205e-05,0.0,PASS
non_streaming_2722,non_streaming__chunk_0027,usbvpn,0,1938.0,1.4522834043423904,2788.0,44.56249930371095,0.5193254762680716,0.04407713495586974,1.9641873264709453,1.9201101915150756,5.527832354992945,0.00010085105895996094,-0.9819053944792349,-0.21052631568084296,0.004304160687121894,5.598937701580014e-06,0.0,PASS
non_streaming_2723,non_streaming__chunk_0027,usbvpn,0,29.0,1.6942696337326755,92.0,2.7692307159763323,0.21424448733543922,0.8124999873046878,2.2499999648437505,1.437499977539063,1.8769367911530515,0.0035239458084106445,-0.5548886066541742,0.10344827229488716,0.7391304267485823,0.0007539929652956103,0.0,PASS
non_streaming_2724,non_streaming__chunk_0027,usbvpn,0,27.0,1.1213987355395323,1000.0,17.26016232097297,0.20897172597992128,0.6275510140045815,10.831632542534361,10.20408152852978,1.7078045471371528,0.004091084003448486,-0.3621860685229674,0.037037035665294975,0.926999999073,8.992059873569912e-05,0.0,PASS
non_streaming_2725,non_streaming__chunk_0027,usbvpn,0,13.0,1.626240631417183,517.0,10.942307481878704,0.11832524248509887,0.8666666522222225,9.483333175277782,8.616666523055558,1.559266018930132,0.0034177303314208984,-0.6884101940703261,0.23076921301775286,0.9690522224969976,5.1728064491053526e-05,0.0,PASS
non_streaming_2726,non_streaming__chunk_0027,usbvpn,0,104.0,1.026871008880264,1217.0,20.950819328675095,0.27146372234767197,0.3885350293723884,8.140127336687087,7.751592307314699,3.054039373716335,0.001291513442993164,-0.7963024539336918,-0.15384615236686391,0.842235003416405,0.0005397227540932646,0.0,PASS
non_streaming_2727,non_streaming__chunk_0027,usbvpn,0,37.0,1.3716635290123766,517.0,10.942307481878704,0.2184055182361849,0.6265060165481203,6.855421604151547,6.228915587603427,5.404503982074461,0.00351637601852417,-0.6573501172991003,0.027027026296566857,0.8800773677367942,0.0046205220766047505,0.001869158878504673,PASS
non_streaming_2728,non_streaming__chunk_0027,usbvpn,0,18.0,1.0747000416411836,1268.0,25.384614896449715,0.16355642374753146,0.5591397789339809,14.193548234477976,13.634408455543996,1.9192215160047241,0.0035228729248046875,-0.804005862158866,-0.11111110493827195,0.9353312295462687,0.0009382226982147724,0.0,PASS
non_streaming_2729,non_streaming__chunk_0027,usbvpn,0,26.0,0.9714923503004064,1117.25,18.804780576816245,0.3595905322092817,0.32939632373020306,6.194225689269157,5.864829365538953,2.5670961759295867,0.0013341903686523438,0.3464498329935785,0.07692307396449716,0.7713134922610754,0.010770151916667713,0.00510204081632653,PASS
non_streaming_2730,non_streaming__chunk_0027,usbvpn,0,30.0,1.1025299185609931,1106.0,17.02898526044949,0.2952340778253183,0.49285713933673475,8.392857082908163,7.899999943571429,2.2777007418597286,0.0020990371704101562,-0.2936876142068264,0.06666666444444451,0.8716094024668992,0.0002114104496834909,0.0,PASS
non_streaming_2731,non_streaming__chunk_0027,usbvpn,0,14.0,1.542866160711439,580.0,12.153845920118348,0.12378779210880932,0.8387096638917797,10.193548222684706,9.354838558792927,1.7197222519736226,0.003526926040649414,-0.7070735880337887,0.14285713265306196,0.9655172397146254,4.257678247967055e-05,0.0,PASS
non_streaming_2732,non_streaming__chunk_0027,usbvpn,0,2289.0,0.21659824588583793,0.0,0.9999999978448276,0.9551326073785881,0.9999999978448276,0.9999999978448276,0.0,16.527384595491025,2.09808349609375e-05,0.9999999999991007,0.999999999563128,0.0,5.150150595968218e-06,0.0,PASS
non_streaming_2733,non_streaming__chunk_0027,usbvpn,0,6045.0,0.43932721532121916,0.0,0.9999999993306559,1.1517793834365426,0.9999999993306559,0.9999999993306559,0.0,17.75420620798473,4.8160552978515625e-05,-0.9657576585765759,-0.7296939618313161,0.0,9.909587324889726e-06,0.0,PASS
non_streaming_2734,non_streaming__chunk_0027,usbvpn,0,295.0,1.0241794143450471,1420.0,36.49999908750002,0.7075997239121233,0.059171597545604145,2.1597633104145513,2.100591712868947,3.1289836685168226,0.021712303161621094,0.9370675523161913,0.09152542341855789,0.10422535203927791,7.883948072519185e-05,0.0,PASS
non_streaming_2735,non_streaming__chunk_0027,usbvpn,0,21.0,1.5720425935420723,178.0,4.423076838017753,0.1549815494151768,0.8666666522222225,3.8333332694444455,2.966666617222223,1.8860445674797106,0.0018541216850280762,-0.6450184501051638,0.14285713605442207,0.9101123544375711,0.0007729090243652591,0.0,PASS
non_streaming_2736,non_streaming__chunk_0027,usbvpn,0,1859.0,1.0386942915737,4172.0,53.14999933562501,0.5536980442124043,0.055096418694837175,2.9283746536305957,2.8732782349357584,4.564832621093242,4.1961669921875e-05,-0.9836951192843412,-0.3760086065755736,0.3422818791125882,7.122350681298209e-05,0.0,PASS
non_streaming_2738,non_streaming__chunk_0027,usbvpn,0,28.0,2.2147945348716007,78.5,2.5096153363535514,0.20162601560446825,0.8387096638917797,2.1048386757284083,1.2661290118366288,3.0995931507028787,0.0034896135330200195,-0.5521486642796575,0.14285713775510223,0.7452229204430202,6.2521621966815e-05,0.0,PASS
non_streaming_2739,non_streaming__chunk_0027,usbvpn,0,205.0,0.9763300909595373,1217.0,20.950819328675095,0.3945329125361556,0.2699115032304801,5.654867231615632,5.384955728385152,8.11382129171704,0.0019534826278686523,-0.8176615856185161,-0.19999999902439025,0.7288414127125378,0.000988322707035664,0.0,PASS
non_streaming_2740,non_streaming__chunk_0027,usbvpn,0,19.0,1.472466934782912,304.5,6.855769098927517,0.17226235964400272,0.8124999873046878,5.570312412963869,4.757812425659181,1.937058531342221,0.0033769607543945312,-0.6299759171794905,0.15789472853185638,0.9211822629846231,0.008208530623515977,0.00510204081632653,PASS
non_streaming_2742,non_streaming__chunk_0027,usbvpn,0,96.0,0.9525340070798612,1217.0,20.950819328675095,0.2783324750948719,0.36094674342635064,7.562130132768461,7.20118338934211,2.8917004230925563,0.0012054443359375,0.7987304854898142,0.16666666493055557,0.8225143789461672,0.0006475788552559375,0.0,PASS
non_streaming_2743,non_streaming__chunk_0027,usbvpn,0,31.0,1.348421797030326,448.5,9.62499981490385,0.21855092102479587,0.6265060165481203,6.030120409275658,5.403614392727538,1.941846740841431,0.0011153817176818848,-0.5511764205766434,0.09677419042663901,0.8617614250573882,0.001050067948367858,0.0,PASS
non_streaming_2744,non_streaming__chunk_0027,usbvpn,0,17.0,1.437639845284284,862.0,17.57692273890533,0.11130510673372035,0.8666666522222225,15.23333307944445,14.366666427222226,1.7542705056386334,0.0035666227340698242,-0.7671322565727704,0.05882352595155729,0.9814385139426467,6.708010071295265e-05,0.0,PASS
non_streaming_2745,non_streaming__chunk_0027,usbvpn,0,21.0,0.9089430288149586,1216.0,20.612902893340276,0.365379945968036,0.2883720916819903,5.944186018864251,5.655813927182261,2.3893348284843765,0.004209637641906738,0.3448247956344724,0.14285713605442207,0.748355262542471,0.00279168439612296,0.0,PASS
non_streaming_2746,non_streaming__chunk_0027,usbvpn,0,329.0,0.7714182347624953,1215.0,20.285713963718827,1.2704237936138607,0.049295774609314724,0.9999999992175272,0.9507042246082126,8.403275370751638,0.00017625093460083008,0.8850925483865667,0.4042553179201966,-0.9999999991769546,0.0001489711357409861,0.0,PASS
non_streaming_2747,non_streaming__chunk_0027,usbvpn,0,13.0,1.6904867681595512,517.0,10.942307481878704,0.11821764147668545,0.8666666522222225,9.483333175277782,8.616666523055558,1.3280070807246283,0.003306448459625244,-0.6886935433936505,0.23076921301775286,0.9690522224969976,1.0560648868741781e-05,0.0,PASS
non_streaming_2749,non_streaming__chunk_0027,usbvpn,0,3.0,0.0,0.0,0.9999999750000007,0.9999999750000007,0.9999999750000007,0.9999999750000007,0.0,0.9979702601410747,0.018192529678344727,0.3333333305555556,0.33333322222225925,0.0,0.00024836820069344413,0.0,PASS
non_streaming_2750,non_streaming__chunk_0027,usbvpn,0,41.0,1.1713049925619323,640.0,11.322580462539026,0.23249623830966637,0.6326530547688464,7.163265233027906,6.53061217825906,2.1607684217350007,0.004536807537078857,-0.10346024765053465,0.12195121653777521,0.8874999986132812,0.0007995587278837215,0.0,PASS
non_streaming_2751,non_streaming__chunk_0027,usbvpn,0,16.0,1.4231240240885423,733.75,15.110576632488911,0.11339734775784664,0.8387096638917797,12.673386892364729,11.834677228472948,1.732130027619125,0.0035265684127807617,-0.7556012802062642,0.12499999218750048,0.9727427584698566,9.986746853973762e-05,0.0,PASS
non_streaming_2752,non_streaming__chunk_0027,usbvpn,0,30.0,1.8425257616466941,126.5,3.4326922416789953,0.2352752873390676,0.7074829835716601,2.428571395529641,1.7210884119579808,1.9911464724274879,0.002817869186401367,0.4765258215453984,-0.13333332888888902,0.660079046165383,0.0009145051655459564,0.0,PASS
non_streaming_2753,non_streaming__chunk_0027,usbvpn,0,42.0,1.1569714168125276,1353.25,27.024037941845425,0.14427291009359727,0.5977011425551593,16.152298664916106,15.554597522360949,2.990092917588708,0.001071929931640625,-0.7816559402700021,0.0,0.9482726761882336,0.001256242137383292,0.0,PASS
non_streaming_2754,non_streaming__chunk_0027,usbvpn,0,30.0,1.1148890861769496,1106.0,17.02898526044949,0.2601585722918903,0.5632653015243649,9.59183665639317,9.028571354868806,2.3055009866361904,0.0021958351135253906,-0.28882910942313256,0.06666666444444451,0.9032549720585397,0.000160334137950696,0.0,PASS
non_streaming_2755,non_streaming__chunk_0027,usbvpn,0,15.0,1.3740781639072939,690.5,14.278845879252964,0.13565069916140166,0.8124999873046878,11.60156231872559,10.7890623314209,1.8560206899588796,0.0028380751609802246,-0.6916772642798251,0.19999998666666757,0.965242576444254,0.00036895022957021125,0.0,PASS
non_streaming_2756,non_streaming__chunk_0027,usbvpn,0,519.0,0.9995945279490582,1420.0,36.49999908750002,0.7603439748029627,0.059171597545604145,2.1597633104145513,2.100591712868947,3.1221170801978575,0.019534766674041748,0.9364928006082498,0.13294797662245092,0.10422535203927791,8.742869879748964e-05,0.0,PASS
non_streaming_2757,non_streaming__chunk_0027,usbvpn,0,7672.0,0.5738468848595606,1129.0,4.093150673717395,1.276996484094529,0.244310575472349,0.9999999993306559,0.7556894238583068,14.148971450698658,5.698204040527344e-05,-0.9462862271610684,-0.5821167882452923,-0.9999999991142603,1.4068956191350447e-05,0.0,PASS
non_streaming_2758,non_streaming__chunk_0027,usbvpn,0,3.0,0.0,0.0,0.9999999943181819,0.9999999943181819,0.9999999943181819,0.9999999943181819,0.0,0.05882467875659432,0.31999707221984863,0.9999999981060607,0.9999996666667778,0.0,0.0011008539443884073,0.0,PASS
non_streaming_2759,non_streaming__chunk_0027,usbvpn,0,2986.0,0.2318913377193978,0.0,0.9999999978448276,0.9479261291402753,0.9999999978448276,0.9999999978448276,0.0,14.289523966319544,3.3855438232421875e-05,0.9999999999993158,0.9999999996651039,0.0,6.983892129928033e-06,0.0,PASS
non_streaming_2760,non_streaming__chunk_0027,usbvpn,0,18.0,1.9304837219228694,153.5,3.951923000924558,0.16684690205418753,0.8666666522222225,3.424999942916668,2.558333290694445,1.5415117386066857,0.003531932830810547,-0.5739224469992396,0.2222222098765439,0.895765466477098,3.055440272305949e-05,0.0,PASS
non_streaming_2761,non_streaming__chunk_0027,usbvpn,0,1857.0,1.0750107453899334,4180.0,59.05555473533952,0.5828533258074793,0.04958677682535346,2.9283746536305957,2.878787876805242,4.5963167264043925,4.5299530029296875e-05,-0.9819344183978276,-0.3128702206177328,0.33971291857901603,4.6284025651327714e-05,0.0,PASS
non_streaming_2763,non_streaming__chunk_0027,usbvpn,0,28.0,2.2153555779926397,78.5,2.5096153363535514,0.20157919116997014,0.8387096638917797,2.1048386757284083,1.2661290118366288,2.921818093714629,0.003517627716064453,-0.5522526706279316,0.14285713775510223,0.7452229204430202,5.1543620186640546e-05,0.0,PASS
non_streaming_2764,non_streaming__chunk_0027,usbvpn,0,30.0,1.1322099319009604,1093.75,18.570280826180227,0.21437713264851294,0.6194029789114132,11.502487447736444,10.88308446882503,2.5855820482340843,0.002513885498046875,-0.40614334468101937,0.06666666444444451,0.9300571420068048,0.00019826929350479552,0.0,PASS
non_streaming_2765,non_streaming__chunk_0027,usbvpn,0,13.0,1.1317128213311576,860.0,17.538461201183438,0.24889834322509066,0.4126984094230285,7.238095180650038,6.82539677122701,2.336779707528002,0.0032854676246643066,-0.7231423794676884,-0.07692307100591762,0.8279069757815035,0.0012557503711312702,0.0,PASS
non_streaming_2766,non_streaming__chunk_0027,usbvpn,0,105.0,0.9930843408069072,1217.0,20.950819328675095,0.2303932972473936,0.4621212086202939,9.681818108471075,9.219696899850781,3.452261703094787,0.0008664131164550781,0.7943748129792484,0.14285714149659864,0.8833196377294004,0.001819527286251521,0.0,PASS
non_streaming_2767,non_streaming__chunk_0027,usbvpn,0,28.0,1.516410643877888,179.5,4.451922991309173,0.22394028175548814,0.8666666522222225,3.858333269027779,2.9916666168055563,2.3518258239862555,0.0012333393096923828,-0.32684617430993784,0.0,0.9108635046748551,0.0001237099114215613,0.0,PASS
non_streaming_2768,non_streaming__chunk_0027,usbvpn,0,22.0,1.586436196214189,223.25,5.293269128975594,0.21263375825372063,0.9285714119897962,4.915178483657527,3.986607071667731,1.9244898168430655,0.002737760543823242,-0.6102865031739236,0.0,0.9641657291638713,0.0017831577926376216,0.0,PASS
non_streaming_2770,non_streaming__chunk_0027,usbvpn,0,324.0,1.1483924373401329,2812.0,55.0769220177515,0.9722951242684398,0.03603603601106303,1.9847539833785488,1.9487179473674856,9.191695183007845,0.00036537647247314453,-0.9224629513305027,-0.20370370307498858,0.010668563296348306,6.527990558752482e-05,0.0,PASS
non_streaming_2771,non_streaming__chunk_0027,usbvpn,0,376.0,1.2582478415640328,1406.0,28.038460999260366,0.5768278646330619,0.07878787866850322,2.2090909057438015,2.1303030270752985,7.631000793944328,0.0003750324249267578,-0.9337029159816982,-0.11170212736249434,0.13513513503902194,3.448649738493892e-05,0.0,PASS
non_streaming_2772,non_streaming__chunk_0027,usbvpn,0,24.0,1.5282339821556068,271.0,6.2115383420858015,0.18897637731504036,0.9285714119897962,5.767857039859696,4.8392856278698995,1.5355303094397954,0.003687143325805664,-0.661136107893541,0.0,0.9704797012159421,0.0011514325988705673,0.0,PASS
non_streaming_2773,non_streaming__chunk_0027,usbvpn,0,25.0,1.5609306522171393,271.0,6.2115383420858015,0.18176733717223387,0.9999999807692311,6.2115383420858015,5.2115383613165704,1.6291572876526688,0.0029421448707580566,-0.6518456374927508,0.03999999840000006,0.9999999963099632,0.00018384526337176225,0.0,PASS
non_streaming_2774,non_streaming__chunk_0027,usbvpn,0,26.0,1.5886819348469194,223.25,5.293269128975594,0.18767351403671412,0.9999999807692311,5.293269128975594,4.293269148206363,1.6636353324595032,0.002686023712158203,-0.6399222653192779,0.07692307396449716,0.9999999955207167,0.00017899889401773586,0.0,PASS
non_streaming_2775,non_streaming__chunk_0027,usbvpn,0,235.0,1.0658636542612374,1406.0,28.038460999260366,1.2244263450616617,0.03566529490009239,0.9999999993141289,0.9643347044140365,11.191695280291219,0.00030857324600219727,-0.9515132455858702,-0.24255319045722046,-0.9999999992887624,9.636261249488018e-06,0.0,PASS
non_streaming_2776,non_streaming__chunk_0027,usbvpn,0,24.0,1.5352754128542823,271.0,6.2115383420858015,0.18961625217962896,0.9285714119897962,5.767857039859696,4.8392856278698995,1.720244079072935,0.0031676292419433594,-0.6667607222535609,0.0,0.9704797012159421,0.0013624854488539005,0.0,PASS
non_streaming_2777,non_streaming__chunk_0027,usbvpn,0,24.0,1.5352754128542823,271.0,6.2115383420858015,0.18961625217962896,0.9285714119897962,5.767857039859696,4.8392856278698995,1.759835584587509,0.003176569938659668,-0.6667607222535609,0.0,0.9704797012159421,0.0013624854488539005,0.0,PASS
non_streaming_2778,non_streaming__chunk_0027,usbvpn,0,25.0,1.5679918587725405,271.0,6.2115383420858015,0.1823793484063575,0.9999999807692311,6.2115383420858015,5.2115383613165704,1.5550263774062258,0.002603292465209961,-0.6574074073151785,0.03999999840000006,0.9999999963099632,0.00015075976735483677,0.0,PASS
non_streaming_2779,non_streaming__chunk_0027,usbvpn,0,356.0,1.1849576652831053,1406.0,28.038460999260366,1.076511002588514,0.038447319749761684,1.0780036960606256,1.039556376310864,11.67430689743326,0.00046062469482421875,-0.9349250674629028,-0.12359550527079914,-0.8499288756401643,6.978380731971173e-05,0.0,PASS
non_streaming_2780,non_streaming__chunk_0027,usbvpn,0,24.0,1.5352754128542823,271.0,6.2115383420858015,0.18961625217962896,0.9285714119897962,5.767857039859696,4.8392856278698995,1.6587951564255357,0.0035060644149780273,-0.6667607222535609,0.0,0.9704797012159421,0.0009112977505647641,0.0,PASS
non_streaming_2781,non_streaming__chunk_0027,usbvpn,0,25.0,1.5644564840681139,271.0,6.2115383420858015,0.18207282849414275,0.9999999807692311,6.2115383420858015,5.2115383613165704,1.7011319633441255,0.0032019615173339844,-0.654621848647812,0.03999999840000006,0.9999999963099632,0.00022228945617087803,0.0,PASS
non_streaming_2782,non_streaming__chunk_0027,usbvpn,0,24.0,1.5352754128542823,271.0,6.2115383420858015,0.18961625217962896,0.9285714119897962,5.767857039859696,4.8392856278698995,1.612541259086112,0.003513336181640625,-0.6667607222535609,0.0,0.9704797012159421,0.0009112977505647641,0.0,PASS
non_streaming_2783,non_streaming__chunk_0027,usbvpn,0,24.0,1.5352754128542823,271.0,6.2115383420858015,0.18961625217962896,0.9285714119897962,5.767857039859696,4.8392856278698995,1.7194659652651885,0.003695845603942871,-0.6667607222535609,0.0,0.9704797012159421,0.0022393725587091674,0.0,PASS
non_streaming_2784,non_streaming__chunk_0027,usbvpn,0,24.0,1.5352754128542823,271.0,6.2115383420858015,0.18961625217962896,0.9285714119897962,5.767857039859696,4.8392856278698995,1.622213864410383,0.00343167781829834,-0.6667607222535609,0.0,0.9704797012159421,0.0009112977505647641,0.0,PASS
non_streaming_2785,non_streaming__chunk_0027,usbvpn,0,25.0,1.5644564840681139,271.0,6.2115383420858015,0.18207282849414275,0.9999999807692311,6.2115383420858015,5.2115383613165704,1.7667055070599975,0.003870546817779541,-0.654621848647812,0.03999999840000006,0.9999999963099632,0.0003700767029967701,0.0,PASS
non_streaming_2786,non_streaming__chunk_0027,usbvpn,0,24.0,1.5212302195270588,271.0,6.2115383420858015,0.18834080654145471,0.9285714119897962,5.767857039859696,4.8392856278698995,4.662660445324092,0.0038208961486816406,-0.655549327262395,0.0,0.9704797012159421,0.0010716363431852577,0.0,PASS
non_streaming_2787,non_streaming__chunk_0027,usbvpn,0,27.0,1.5433815660445394,225.5,5.336538358912724,0.2431640617876053,0.6265060165481203,3.343373453694296,2.7168674371461754,1.690443698572055,0.003845691680908203,-0.5015190971678039,0.037037035665294975,0.7250554291571821,0.0019035129756301992,0.0,PASS
non_streaming_2788,non_streaming__chunk_0027,usbvpn,0,112.0,1.37541118956398,1406.0,28.038460999260366,0.09463368927565392,0.5652173851606807,15.847825914697545,15.282608529536864,8.90738712705177,0.0004093647003173828,-0.9187384623777933,-0.03571428539540817,0.9431009950618058,0.00011379208691507519,0.0,PASS
non_streaming_2789,non_streaming__chunk_0027,usbvpn,0,75.0,1.018673292573299,1217.0,20.950819328675095,0.6376887029702125,0.12448979566430654,2.6081632599833404,2.483673464319034,2.659919538891636,0.0009567737579345703,-0.8209960090088323,-0.11999999840000003,0.2949876743673067,0.0032235553868482764,0.0,PASS
non_streaming_2790,non_streaming__chunk_0027,usbvpn,0,13.0,1.1287906423573362,856.0,17.46153812573965,0.2485207095689927,0.4126984094230285,7.206349149155959,6.79365073973293,1.452867609091792,0.0032175779342651367,-0.7235624335118248,-0.07692307100591762,0.8271028027720762,0.00023742971846416551,0.0,PASS
non_streaming_2791,non_streaming__chunk_0027,usbvpn,0,35.0,1.5321559684032744,271.0,6.2115383420858015,0.1992350789848592,0.8124999873046878,5.04687492114258,4.234374933837892,3.3973444305449494,0.008077561855316162,-0.3732989415304368,0.028571427755102068,0.9114391110279,0.002515227046424281,0.0,PASS
non_streaming_2792,non_streaming__chunk_0027,usbvpn,0,53.0,1.564775120353933,339.0,7.519230624630181,0.17053795831882798,0.8124999873046878,6.109374904541017,5.296874917236329,5.413536059884714,0.0014230608940124512,-0.6936148818153034,-0.01886792417230332,0.9292035370819954,0.0004036843736082267,0.0,PASS
non_streaming_2793,non_streaming__chunk_0027,usbvpn,0,40.0,1.32448099220689,710.5,18.762499530937514,0.14490535201815327,0.5633802737552074,10.57042238633208,10.007042112576872,5.2405237002460066,0.0016175508499145508,-0.6943721618095631,0.0,0.912737507511981,0.0005340165595064397,0.0,PASS
non_streaming_2794,non_streaming__chunk_0027,usbvpn,0,53.0,0.9651968864706837,1388.0,27.692307159763324,0.7209419068082735,0.09138840054237539,2.5307557073273186,2.439367306784943,2.2605083382498967,0.0006254315376281738,0.886445135049332,0.13207546920612323,0.2550432274819573,0.0017463363960480423,0.0,PASS
non_streaming_2795,non_streaming__chunk_0027,usbvpn,0,31.0,1.4540234351590744,310.0,6.9615383276627245,0.17404322958778515,0.8666666522222225,6.03333323277778,5.166666580555558,1.691936663458517,0.005514800548553467,-0.6404978010067841,0.032258063475546335,0.9483870937148804,0.0004398889062166817,0.0,PASS
non_streaming_2796,non_streaming__chunk_0027,usbvpn,0,32.0,1.3531845900544595,532.5,11.240384399223377,0.1467998516686944,0.8387096638917797,9.427419202783561,8.588709538891782,2.559513285173471,0.0019855499267578125,-0.46592674802323886,0.06249999804687507,0.9624413127465891,0.00025366222194670606,0.0,PASS
non_streaming_2797,non_streaming__chunk_0027,usbvpn,0,3.0,0.0,0.0,0.9999999750000007,0.9999999750000007,0.9999999750000007,0.9999999750000007,0.0,0.9978149032106591,0.021904587745666504,0.3333333305555556,0.33333322222225925,0.0,0.0003111289538873414,0.0,PASS
non_streaming_2798,non_streaming__chunk_0027,usbvpn,0,59.0,1.2617212251585597,1406.0,28.038460999260366,0.16846968126242662,0.4227642242051689,11.85365844021416,11.43089421600899,6.581267048835761,0.00048661231994628906,-0.8786795431126688,-0.15254237029589204,0.8990042667859144,0.00018971821650873465,0.0,PASS
non_streaming_2799,non_streaming__chunk_0027,usbvpn,0,35.0,1.3548381955640034,412.0,8.923076751479293,0.24665856552182666,0.5977011425551593,5.333333272030652,4.735632129475493,2.8874608263017096,0.0013680458068847656,-0.06099635479457299,0.19999999428571447,0.8300970853638421,0.002029959255180621,0.0,PASS
